SET FOREIGN_KEY_CHECKS=0;

-- ----------------------------
-- Table structure for `maintain_icon`
-- ----------------------------
DROP TABLE IF EXISTS `maintain_icon`;
CREATE TABLE `maintain_icon` (
  `id` bigint(20) NOT NULL AUTO_INCREMENT,
  `identity` varchar(100) DEFAULT NULL,
  `css_class` varchar(100) DEFAULT NULL,
  `img_src` varchar(200) DEFAULT NULL,
  `width` smallint(6) DEFAULT NULL,
  `height` smallint(6) DEFAULT NULL,
  `sprite_src` varchar(200) DEFAULT NULL,
  `left` smallint(6) DEFAULT NULL,
  `top` smallint(6) DEFAULT NULL,
  `style` varchar(100) DEFAULT NULL,
  `type` varchar(30) DEFAULT NULL,
  `description` varchar(100) DEFAULT NULL,
  PRIMARY KEY (`id`),
  UNIQUE KEY `unique_maintain_icon_identity` (`identity`)
) ENGINE=InnoDB AUTO_INCREMENT=2000 DEFAULT CHARSET=utf8;

-- ----------------------------
-- Records of maintain_icon
-- ----------------------------
INSERT INTO `maintain_icon` VALUES ('1', 'icon-adjust', 'icon-adjust', null, null, null, null, null, null, null, 'css_class', null);
INSERT INTO `maintain_icon` VALUES ('2', 'icon-anchor', 'icon-anchor', null, null, null, null, null, null, null, 'css_class', null);
INSERT INTO `maintain_icon` VALUES ('3', 'icon-archive', 'icon-archive', null, null, null, null, null, null, null, 'css_class', null);
INSERT INTO `maintain_icon` VALUES ('4', 'icon-asterisk', 'icon-asterisk', null, null, null, null, null, null, null, 'css_class', null);
INSERT INTO `maintain_icon` VALUES ('5', 'icon-ban-circle', 'icon-ban-circle', null, null, null, null, null, null, null, 'css_class', null);
INSERT INTO `maintain_icon` VALUES ('6', 'icon-bar-chart', 'icon-bar-chart', null, null, null, null, null, null, null, 'css_class', null);
INSERT INTO `maintain_icon` VALUES ('7', 'icon-barcode', 'icon-barcode', null, null, null, null, null, null, null, 'css_class', null);
INSERT INTO `maintain_icon` VALUES ('8', 'icon-beaker', 'icon-beaker', null, null, null, null, null, null, null, 'css_class', null);
INSERT INTO `maintain_icon` VALUES ('9', 'icon-beer', 'icon-beer', null, null, null, null, null, null, null, 'css_class', null);
INSERT INTO `maintain_icon` VALUES ('10', 'icon-bell', 'icon-bell', null, null, null, null, null, null, null, 'css_class', null);
INSERT INTO `maintain_icon` VALUES ('11', 'icon-bell-alt', 'icon-bell-alt', null, null, null, null, null, null, null, 'css_class', null);
INSERT INTO `maintain_icon` VALUES ('12', 'icon-bolt', 'icon-bolt', null, null, null, null, null, null, null, 'css_class', null);
INSERT INTO `maintain_icon` VALUES ('13', 'icon-book', 'icon-book', null, null, null, null, null, null, null, 'css_class', null);
INSERT INTO `maintain_icon` VALUES ('14', 'icon-bookmark', 'icon-bookmark', null, null, null, null, null, null, null, 'css_class', null);
INSERT INTO `maintain_icon` VALUES ('15', 'icon-bookmark-empty', 'icon-bookmark-empty', null, null, null, null, null, null, null, 'css_class', null);
INSERT INTO `maintain_icon` VALUES ('16', 'icon-briefcase', 'icon-briefcase', null, null, null, null, null, null, null, 'css_class', null);
INSERT INTO `maintain_icon` VALUES ('17', 'icon-bug', 'icon-bug', null, null, null, null, null, null, null, 'css_class', null);
INSERT INTO `maintain_icon` VALUES ('18', 'icon-building', 'icon-building', null, null, null, null, null, null, null, 'css_class', null);
INSERT INTO `maintain_icon` VALUES ('19', 'icon-bullhorn', 'icon-bullhorn', null, null, null, null, null, null, null, 'css_class', null);
INSERT INTO `maintain_icon` VALUES ('20', 'icon-bullseye', 'icon-bullseye', null, null, null, null, null, null, null, 'css_class', null);
INSERT INTO `maintain_icon` VALUES ('21', 'icon-calendar', 'icon-calendar', null, null, null, null, null, null, null, 'css_class', null);
INSERT INTO `maintain_icon` VALUES ('22', 'icon-calendar-empty', 'icon-calendar-empty', null, null, null, null, null, null, null, 'css_class', null);
INSERT INTO `maintain_icon` VALUES ('23', 'icon-camera', 'icon-camera', null, null, null, null, null, null, null, 'css_class', null);
INSERT INTO `maintain_icon` VALUES ('24', 'icon-camera-retro', 'icon-camera-retro', null, null, null, null, null, null, null, 'css_class', null);
INSERT INTO `maintain_icon` VALUES ('25', 'icon-certificate', 'icon-certificate', null, null, null, null, null, null, null, 'css_class', null);
INSERT INTO `maintain_icon` VALUES ('26', 'icon-check', 'icon-check', null, null, null, null, null, null, null, 'css_class', null);
INSERT INTO `maintain_icon` VALUES ('27', 'icon-check-empty', 'icon-check-empty', null, null, null, null, null, null, null, 'css_class', null);
INSERT INTO `maintain_icon` VALUES ('28', 'icon-check-minus', 'icon-check-minus', null, null, null, null, null, null, null, 'css_class', null);
INSERT INTO `maintain_icon` VALUES ('29', 'icon-check-sign', 'icon-check-sign', null, null, null, null, null, null, null, 'css_class', null);
INSERT INTO `maintain_icon` VALUES ('30', 'icon-circle', 'icon-circle', null, null, null, null, null, null, null, 'css_class', null);
INSERT INTO `maintain_icon` VALUES ('31', 'icon-circle-blank', 'icon-circle-blank', null, null, null, null, null, null, null, 'css_class', null);
INSERT INTO `maintain_icon` VALUES ('32', 'icon-cloud', 'icon-cloud', null, null, null, null, null, null, null, 'css_class', null);
INSERT INTO `maintain_icon` VALUES ('33', 'icon-cloud-download', 'icon-cloud-download', null, null, null, null, null, null, null, 'css_class', null);
INSERT INTO `maintain_icon` VALUES ('34', 'icon-cloud-upload', 'icon-cloud-upload', null, null, null, null, null, null, null, 'css_class', null);
INSERT INTO `maintain_icon` VALUES ('35', 'icon-code', 'icon-code', null, null, null, null, null, null, null, 'css_class', null);
INSERT INTO `maintain_icon` VALUES ('36', 'icon-code-fork', 'icon-code-fork', null, null, null, null, null, null, null, 'css_class', null);
INSERT INTO `maintain_icon` VALUES ('37', 'icon-coffee', 'icon-coffee', null, null, null, null, null, null, null, 'css_class', null);
INSERT INTO `maintain_icon` VALUES ('38', 'icon-cog', 'icon-cog', null, null, null, null, null, null, null, 'css_class', null);
INSERT INTO `maintain_icon` VALUES ('39', 'icon-cogs', 'icon-cogs', null, null, null, null, null, null, null, 'css_class', null);
INSERT INTO `maintain_icon` VALUES ('40', 'icon-collapse', 'icon-collapse', null, null, null, null, null, null, null, 'css_class', null);
INSERT INTO `maintain_icon` VALUES ('41', 'icon-collapse-alt', 'icon-collapse-alt', null, null, null, null, null, null, null, 'css_class', null);
INSERT INTO `maintain_icon` VALUES ('42', 'icon-collapse-top', 'icon-collapse-top', null, null, null, null, null, null, null, 'css_class', null);
INSERT INTO `maintain_icon` VALUES ('43', 'icon-comment', 'icon-comment', null, null, null, null, null, null, null, 'css_class', null);
INSERT INTO `maintain_icon` VALUES ('44', 'icon-comment-alt', 'icon-comment-alt', null, null, null, null, null, null, null, 'css_class', null);
INSERT INTO `maintain_icon` VALUES ('45', 'icon-comments', 'icon-comments', null, null, null, null, null, null, null, 'css_class', null);
INSERT INTO `maintain_icon` VALUES ('46', 'icon-comments-alt', 'icon-comments-alt', null, null, null, null, null, null, null, 'css_class', null);
INSERT INTO `maintain_icon` VALUES ('47', 'icon-compass', 'icon-compass', null, null, null, null, null, null, null, 'css_class', null);
INSERT INTO `maintain_icon` VALUES ('48', 'icon-credit-card', 'icon-credit-card', null, null, null, null, null, null, null, 'css_class', null);
INSERT INTO `maintain_icon` VALUES ('49', 'icon-crop', 'icon-crop', null, null, null, null, null, null, null, 'css_class', null);
INSERT INTO `maintain_icon` VALUES ('50', 'icon-dashboard', 'icon-dashboard', null, null, null, null, null, null, null, 'css_class', null);
INSERT INTO `maintain_icon` VALUES ('51', 'icon-desktop', 'icon-desktop', null, null, null, null, null, null, null, 'css_class', null);
INSERT INTO `maintain_icon` VALUES ('52', 'icon-download', 'icon-download', null, null, null, null, null, null, null, 'css_class', null);
INSERT INTO `maintain_icon` VALUES ('53', 'icon-download-alt', 'icon-download-alt', null, null, null, null, null, null, null, 'css_class', null);
INSERT INTO `maintain_icon` VALUES ('54', 'icon-edit', 'icon-edit', null, null, null, null, null, null, null, 'css_class', null);
INSERT INTO `maintain_icon` VALUES ('55', 'icon-edit-sign', 'icon-edit-sign', null, null, null, null, null, null, null, 'css_class', null);
INSERT INTO `maintain_icon` VALUES ('56', 'icon-ellipsis-horizontal', 'icon-ellipsis-horizontal', null, null, null, null, null, null, null, 'css_class', null);
INSERT INTO `maintain_icon` VALUES ('57', 'icon-ellipsis-vertical', 'icon-ellipsis-vertical', null, null, null, null, null, null, null, 'css_class', null);
INSERT INTO `maintain_icon` VALUES ('58', 'icon-envelope', 'icon-envelope', null, null, null, null, null, null, null, 'css_class', null);
INSERT INTO `maintain_icon` VALUES ('59', 'icon-envelope-alt', 'icon-envelope-alt', null, null, null, null, null, null, null, 'css_class', null);
INSERT INTO `maintain_icon` VALUES ('60', 'icon-eraser', 'icon-eraser', null, null, null, null, null, null, null, 'css_class', null);
INSERT INTO `maintain_icon` VALUES ('61', 'icon-exchange', 'icon-exchange', null, null, null, null, null, null, null, 'css_class', null);
INSERT INTO `maintain_icon` VALUES ('62', 'icon-exclamation', 'icon-exclamation', null, null, null, null, null, null, null, 'css_class', null);
INSERT INTO `maintain_icon` VALUES ('63', 'icon-exclamation-sign', 'icon-exclamation-sign', null, null, null, null, null, null, null, 'css_class', null);
INSERT INTO `maintain_icon` VALUES ('64', 'icon-expand', 'icon-expand', null, null, null, null, null, null, null, 'css_class', null);
INSERT INTO `maintain_icon` VALUES ('65', 'icon-expand-alt', 'icon-expand-alt', null, null, null, null, null, null, null, 'css_class', null);
INSERT INTO `maintain_icon` VALUES ('66', 'icon-external-link', 'icon-external-link', null, null, null, null, null, null, null, 'css_class', null);
INSERT INTO `maintain_icon` VALUES ('67', 'icon-external-link-sign', 'icon-external-link-sign', null, null, null, null, null, null, null, 'css_class', null);
INSERT INTO `maintain_icon` VALUES ('68', 'icon-eye-close', 'icon-eye-close', null, null, null, null, null, null, null, 'css_class', null);
INSERT INTO `maintain_icon` VALUES ('69', 'icon-eye-open', 'icon-eye-open', null, null, null, null, null, null, null, 'css_class', null);
INSERT INTO `maintain_icon` VALUES ('70', 'icon-facetime-video', 'icon-facetime-video', null, null, null, null, null, null, null, 'css_class', null);
INSERT INTO `maintain_icon` VALUES ('71', 'icon-female', 'icon-female', null, null, null, null, null, null, null, 'css_class', null);
INSERT INTO `maintain_icon` VALUES ('72', 'icon-fighter-jet', 'icon-fighter-jet', null, null, null, null, null, null, null, 'css_class', null);
INSERT INTO `maintain_icon` VALUES ('73', 'icon-film', 'icon-film', null, null, null, null, null, null, null, 'css_class', null);
INSERT INTO `maintain_icon` VALUES ('74', 'icon-filter', 'icon-filter', null, null, null, null, null, null, null, 'css_class', null);
INSERT INTO `maintain_icon` VALUES ('75', 'icon-fire', 'icon-fire', null, null, null, null, null, null, null, 'css_class', null);
INSERT INTO `maintain_icon` VALUES ('76', 'icon-fire-extinguisher', 'icon-fire-extinguisher', null, null, null, null, null, null, null, 'css_class', null);
INSERT INTO `maintain_icon` VALUES ('77', 'icon-flag', 'icon-flag', null, null, null, null, null, null, null, 'css_class', null);
INSERT INTO `maintain_icon` VALUES ('78', 'icon-flag-alt', 'icon-flag-alt', null, null, null, null, null, null, null, 'css_class', null);
INSERT INTO `maintain_icon` VALUES ('79', 'icon-flag-checkered', 'icon-flag-checkered', null, null, null, null, null, null, null, 'css_class', null);
INSERT INTO `maintain_icon` VALUES ('80', 'icon-folder-close', 'icon-folder-close', null, null, null, null, null, null, null, 'css_class', null);
INSERT INTO `maintain_icon` VALUES ('81', 'icon-folder-close-alt', 'icon-folder-close-alt', null, null, null, null, null, null, null, 'css_class', null);
INSERT INTO `maintain_icon` VALUES ('82', 'icon-folder-open', 'icon-folder-open', null, null, null, null, null, null, null, 'css_class', null);
INSERT INTO `maintain_icon` VALUES ('83', 'icon-folder-open-alt', 'icon-folder-open-alt', null, null, null, null, null, null, null, 'css_class', null);
INSERT INTO `maintain_icon` VALUES ('84', 'icon-food', 'icon-food', null, null, null, null, null, null, null, 'css_class', null);
INSERT INTO `maintain_icon` VALUES ('85', 'icon-frown', 'icon-frown', null, null, null, null, null, null, null, 'css_class', null);
INSERT INTO `maintain_icon` VALUES ('86', 'icon-gamepad', 'icon-gamepad', null, null, null, null, null, null, null, 'css_class', null);
INSERT INTO `maintain_icon` VALUES ('87', 'icon-gift', 'icon-gift', null, null, null, null, null, null, null, 'css_class', null);
INSERT INTO `maintain_icon` VALUES ('88', 'icon-glass', 'icon-glass', null, null, null, null, null, null, null, 'css_class', null);
INSERT INTO `maintain_icon` VALUES ('89', 'icon-globe', 'icon-globe', null, null, null, null, null, null, null, 'css_class', null);
INSERT INTO `maintain_icon` VALUES ('90', 'icon-group', 'icon-group', null, null, null, null, null, null, null, 'css_class', null);
INSERT INTO `maintain_icon` VALUES ('91', 'icon-hdd', 'icon-hdd', null, null, null, null, null, null, null, 'css_class', null);
INSERT INTO `maintain_icon` VALUES ('92', 'icon-headphones', 'icon-headphones', null, null, null, null, null, null, null, 'css_class', null);
INSERT INTO `maintain_icon` VALUES ('93', 'icon-heart', 'icon-heart', null, null, null, null, null, null, null, 'css_class', null);
INSERT INTO `maintain_icon` VALUES ('94', 'icon-heart-empty', 'icon-heart-empty', null, null, null, null, null, null, null, 'css_class', null);
INSERT INTO `maintain_icon` VALUES ('95', 'icon-home', 'icon-home', null, null, null, null, null, null, null, 'css_class', null);
INSERT INTO `maintain_icon` VALUES ('96', 'icon-inbox', 'icon-inbox', null, null, null, null, null, null, null, 'css_class', null);
INSERT INTO `maintain_icon` VALUES ('97', 'icon-info', 'icon-info', null, null, null, null, null, null, null, 'css_class', null);
INSERT INTO `maintain_icon` VALUES ('98', 'icon-info-sign', 'icon-info-sign', null, null, null, null, null, null, null, 'css_class', null);
INSERT INTO `maintain_icon` VALUES ('99', 'icon-key', 'icon-key', null, null, null, null, null, null, null, 'css_class', null);
INSERT INTO `maintain_icon` VALUES ('100', 'icon-keyboard', 'icon-keyboard', null, null, null, null, null, null, null, 'css_class', null);
INSERT INTO `maintain_icon` VALUES ('101', 'icon-laptop', 'icon-laptop', null, null, null, null, null, null, null, 'css_class', null);
INSERT INTO `maintain_icon` VALUES ('102', 'icon-leaf', 'icon-leaf', null, null, null, null, null, null, null, 'css_class', null);
INSERT INTO `maintain_icon` VALUES ('103', 'icon-legal', 'icon-legal', null, null, null, null, null, null, null, 'css_class', null);
INSERT INTO `maintain_icon` VALUES ('104', 'icon-lemon', 'icon-lemon', null, null, null, null, null, null, null, 'css_class', null);
INSERT INTO `maintain_icon` VALUES ('105', 'icon-level-down', 'icon-level-down', null, null, null, null, null, null, null, 'css_class', null);
INSERT INTO `maintain_icon` VALUES ('106', 'icon-level-up', 'icon-level-up', null, null, null, null, null, null, null, 'css_class', null);
INSERT INTO `maintain_icon` VALUES ('107', 'icon-lightbulb', 'icon-lightbulb', null, null, null, null, null, null, null, 'css_class', null);
INSERT INTO `maintain_icon` VALUES ('108', 'icon-location-arrow', 'icon-location-arrow', null, null, null, null, null, null, null, 'css_class', null);
INSERT INTO `maintain_icon` VALUES ('109', 'icon-lock', 'icon-lock', null, null, null, null, null, null, null, 'css_class', null);
INSERT INTO `maintain_icon` VALUES ('110', 'icon-magic', 'icon-magic', null, null, null, null, null, null, null, 'css_class', null);
INSERT INTO `maintain_icon` VALUES ('111', 'icon-magnet', 'icon-magnet', null, null, null, null, null, null, null, 'css_class', null);
INSERT INTO `maintain_icon` VALUES ('112', 'icon-mail-forward', 'icon-mail-forward', null, null, null, null, null, null, null, 'css_class', null);
INSERT INTO `maintain_icon` VALUES ('113', 'icon-mail-reply', 'icon-mail-reply', null, null, null, null, null, null, null, 'css_class', null);
INSERT INTO `maintain_icon` VALUES ('114', 'icon-mail-reply-all', 'icon-mail-reply-all', null, null, null, null, null, null, null, 'css_class', null);
INSERT INTO `maintain_icon` VALUES ('115', 'icon-male', 'icon-male', null, null, null, null, null, null, null, 'css_class', null);
INSERT INTO `maintain_icon` VALUES ('116', 'icon-map-marker', 'icon-map-marker', null, null, null, null, null, null, null, 'css_class', null);
INSERT INTO `maintain_icon` VALUES ('117', 'icon-meh', 'icon-meh', null, null, null, null, null, null, null, 'css_class', null);
INSERT INTO `maintain_icon` VALUES ('118', 'icon-microphone', 'icon-microphone', null, null, null, null, null, null, null, 'css_class', null);
INSERT INTO `maintain_icon` VALUES ('119', 'icon-microphone-off', 'icon-microphone-off', null, null, null, null, null, null, null, 'css_class', null);
INSERT INTO `maintain_icon` VALUES ('120', 'icon-minus', 'icon-minus', null, null, null, null, null, null, null, 'css_class', null);
INSERT INTO `maintain_icon` VALUES ('121', 'icon-minus-sign', 'icon-minus-sign', null, null, null, null, null, null, null, 'css_class', null);
INSERT INTO `maintain_icon` VALUES ('122', 'icon-minus-sign-alt', 'icon-minus-sign-alt', null, null, null, null, null, null, null, 'css_class', null);
INSERT INTO `maintain_icon` VALUES ('123', 'icon-mobile-phone', 'icon-mobile-phone', null, null, null, null, null, null, null, 'css_class', null);
INSERT INTO `maintain_icon` VALUES ('124', 'icon-money', 'icon-money', null, null, null, null, null, null, null, 'css_class', null);
INSERT INTO `maintain_icon` VALUES ('125', 'icon-moon', 'icon-moon', null, null, null, null, null, null, null, 'css_class', null);
INSERT INTO `maintain_icon` VALUES ('126', 'icon-move', 'icon-move', null, null, null, null, null, null, null, 'css_class', null);
INSERT INTO `maintain_icon` VALUES ('127', 'icon-music', 'icon-music', null, null, null, null, null, null, null, 'css_class', null);
INSERT INTO `maintain_icon` VALUES ('128', 'icon-off', 'icon-off', null, null, null, null, null, null, null, 'css_class', null);
INSERT INTO `maintain_icon` VALUES ('129', 'icon-ok', 'icon-ok', null, null, null, null, null, null, null, 'css_class', null);
INSERT INTO `maintain_icon` VALUES ('130', 'icon-ok-circle', 'icon-ok-circle', null, null, null, null, null, null, null, 'css_class', null);
INSERT INTO `maintain_icon` VALUES ('131', 'icon-ok-sign', 'icon-ok-sign', null, null, null, null, null, null, null, 'css_class', null);
INSERT INTO `maintain_icon` VALUES ('132', 'icon-pencil', 'icon-pencil', null, null, null, null, null, null, null, 'css_class', null);
INSERT INTO `maintain_icon` VALUES ('133', 'icon-phone', 'icon-phone', null, null, null, null, null, null, null, 'css_class', null);
INSERT INTO `maintain_icon` VALUES ('134', 'icon-phone-sign', 'icon-phone-sign', null, null, null, null, null, null, null, 'css_class', null);
INSERT INTO `maintain_icon` VALUES ('135', 'icon-picture', 'icon-picture', null, null, null, null, null, null, null, 'css_class', null);
INSERT INTO `maintain_icon` VALUES ('136', 'icon-plane', 'icon-plane', null, null, null, null, null, null, null, 'css_class', null);
INSERT INTO `maintain_icon` VALUES ('137', 'icon-plus', 'icon-plus', null, null, null, null, null, null, null, 'css_class', null);
INSERT INTO `maintain_icon` VALUES ('138', 'icon-plus-sign', 'icon-plus-sign', null, null, null, null, null, null, null, 'css_class', null);
INSERT INTO `maintain_icon` VALUES ('139', 'icon-plus-sign-alt', 'icon-plus-sign-alt', null, null, null, null, null, null, null, 'css_class', null);
INSERT INTO `maintain_icon` VALUES ('140', 'icon-power-off', 'icon-power-off', null, null, null, null, null, null, null, 'css_class', null);
INSERT INTO `maintain_icon` VALUES ('141', 'icon-print', 'icon-print', null, null, null, null, null, null, null, 'css_class', null);
INSERT INTO `maintain_icon` VALUES ('142', 'icon-pushpin', 'icon-pushpin', null, null, null, null, null, null, null, 'css_class', null);
INSERT INTO `maintain_icon` VALUES ('143', 'icon-puzzle-piece', 'icon-puzzle-piece', null, null, null, null, null, null, null, 'css_class', null);
INSERT INTO `maintain_icon` VALUES ('144', 'icon-qrcode', 'icon-qrcode', null, null, null, null, null, null, null, 'css_class', null);
INSERT INTO `maintain_icon` VALUES ('145', 'icon-question', 'icon-question', null, null, null, null, null, null, null, 'css_class', null);
INSERT INTO `maintain_icon` VALUES ('146', 'icon-question-sign', 'icon-question-sign', null, null, null, null, null, null, null, 'css_class', null);
INSERT INTO `maintain_icon` VALUES ('147', 'icon-quote-left', 'icon-quote-left', null, null, null, null, null, null, null, 'css_class', null);
INSERT INTO `maintain_icon` VALUES ('148', 'icon-quote-right', 'icon-quote-right', null, null, null, null, null, null, null, 'css_class', null);
INSERT INTO `maintain_icon` VALUES ('149', 'icon-random', 'icon-random', null, null, null, null, null, null, null, 'css_class', null);
INSERT INTO `maintain_icon` VALUES ('150', 'icon-refresh', 'icon-refresh', null, null, null, null, null, null, null, 'css_class', null);
INSERT INTO `maintain_icon` VALUES ('151', 'icon-remove', 'icon-remove', null, null, null, null, null, null, null, 'css_class', null);
INSERT INTO `maintain_icon` VALUES ('152', 'icon-remove-circle', 'icon-remove-circle', null, null, null, null, null, null, null, 'css_class', null);
INSERT INTO `maintain_icon` VALUES ('153', 'icon-remove-sign', 'icon-remove-sign', null, null, null, null, null, null, null, 'css_class', null);
INSERT INTO `maintain_icon` VALUES ('154', 'icon-reorder', 'icon-reorder', null, null, null, null, null, null, null, 'css_class', null);
INSERT INTO `maintain_icon` VALUES ('155', 'icon-reply', 'icon-reply', null, null, null, null, null, null, null, 'css_class', null);
INSERT INTO `maintain_icon` VALUES ('156', 'icon-reply-all', 'icon-reply-all', null, null, null, null, null, null, null, 'css_class', null);
INSERT INTO `maintain_icon` VALUES ('157', 'icon-resize-horizontal', 'icon-resize-horizontal', null, null, null, null, null, null, null, 'css_class', null);
INSERT INTO `maintain_icon` VALUES ('158', 'icon-resize-vertical', 'icon-resize-vertical', null, null, null, null, null, null, null, 'css_class', null);
INSERT INTO `maintain_icon` VALUES ('159', 'icon-retweet', 'icon-retweet', null, null, null, null, null, null, null, 'css_class', null);
INSERT INTO `maintain_icon` VALUES ('160', 'icon-road', 'icon-road', null, null, null, null, null, null, null, 'css_class', null);
INSERT INTO `maintain_icon` VALUES ('161', 'icon-rocket', 'icon-rocket', null, null, null, null, null, null, null, 'css_class', null);
INSERT INTO `maintain_icon` VALUES ('162', 'icon-rss', 'icon-rss', null, null, null, null, null, null, null, 'css_class', null);
INSERT INTO `maintain_icon` VALUES ('163', 'icon-rss-sign', 'icon-rss-sign', null, null, null, null, null, null, null, 'css_class', null);
INSERT INTO `maintain_icon` VALUES ('164', 'icon-screenshot', 'icon-screenshot', null, null, null, null, null, null, null, 'css_class', null);
INSERT INTO `maintain_icon` VALUES ('165', 'icon-search', 'icon-search', null, null, null, null, null, null, null, 'css_class', null);
INSERT INTO `maintain_icon` VALUES ('166', 'icon-share', 'icon-share', null, null, null, null, null, null, null, 'css_class', null);
INSERT INTO `maintain_icon` VALUES ('167', 'icon-share-alt', 'icon-share-alt', null, null, null, null, null, null, null, 'css_class', null);
INSERT INTO `maintain_icon` VALUES ('168', 'icon-share-sign', 'icon-share-sign', null, null, null, null, null, null, null, 'css_class', null);
INSERT INTO `maintain_icon` VALUES ('169', 'icon-shield', 'icon-shield', null, null, null, null, null, null, null, 'css_class', null);
INSERT INTO `maintain_icon` VALUES ('170', 'icon-shopping-cart', 'icon-shopping-cart', null, null, null, null, null, null, null, 'css_class', null);
INSERT INTO `maintain_icon` VALUES ('171', 'icon-sign-blank', 'icon-sign-blank', null, null, null, null, null, null, null, 'css_class', null);
INSERT INTO `maintain_icon` VALUES ('172', 'icon-signal', 'icon-signal', null, null, null, null, null, null, null, 'css_class', null);
INSERT INTO `maintain_icon` VALUES ('173', 'icon-signin', 'icon-signin', null, null, null, null, null, null, null, 'css_class', null);
INSERT INTO `maintain_icon` VALUES ('174', 'icon-signout', 'icon-signout', null, null, null, null, null, null, null, 'css_class', null);
INSERT INTO `maintain_icon` VALUES ('175', 'icon-sitemap', 'icon-sitemap', null, null, null, null, null, null, null, 'css_class', null);
INSERT INTO `maintain_icon` VALUES ('176', 'icon-smile', 'icon-smile', null, null, null, null, null, null, null, 'css_class', null);
INSERT INTO `maintain_icon` VALUES ('177', 'icon-sort', 'icon-sort', null, null, null, null, null, null, null, 'css_class', null);
INSERT INTO `maintain_icon` VALUES ('178', 'icon-sort-by-alphabet', 'icon-sort-by-alphabet', null, null, null, null, null, null, null, 'css_class', null);
INSERT INTO `maintain_icon` VALUES ('179', 'icon-sort-by-alphabet-alt', 'icon-sort-by-alphabet-alt', null, null, null, null, null, null, null, 'css_class', null);
INSERT INTO `maintain_icon` VALUES ('180', 'icon-sort-by-attributes', 'icon-sort-by-attributes', null, null, null, null, null, null, null, 'css_class', null);
INSERT INTO `maintain_icon` VALUES ('181', 'icon-sort-by-attributes-alt', 'icon-sort-by-attributes-alt', null, null, null, null, null, null, null, 'css_class', null);
INSERT INTO `maintain_icon` VALUES ('182', 'icon-sort-by-order', 'icon-sort-by-order', null, null, null, null, null, null, null, 'css_class', null);
INSERT INTO `maintain_icon` VALUES ('183', 'icon-sort-by-order-alt', 'icon-sort-by-order-alt', null, null, null, null, null, null, null, 'css_class', null);
INSERT INTO `maintain_icon` VALUES ('184', 'icon-sort-down', 'icon-sort-down', null, null, null, null, null, null, null, 'css_class', null);
INSERT INTO `maintain_icon` VALUES ('185', 'icon-sort-up', 'icon-sort-up', null, null, null, null, null, null, null, 'css_class', null);
INSERT INTO `maintain_icon` VALUES ('186', 'icon-spinner', 'icon-spinner', null, null, null, null, null, null, null, 'css_class', null);
INSERT INTO `maintain_icon` VALUES ('187', 'icon-star', 'icon-star', null, null, null, null, null, null, null, 'css_class', null);
INSERT INTO `maintain_icon` VALUES ('188', 'icon-star-empty', 'icon-star-empty', null, null, null, null, null, null, null, 'css_class', null);
INSERT INTO `maintain_icon` VALUES ('189', 'icon-star-half', 'icon-star-half', null, null, null, null, null, null, null, 'css_class', null);
INSERT INTO `maintain_icon` VALUES ('190', 'icon-star-half-empty', 'icon-star-half-empty', null, null, null, null, null, null, null, 'css_class', null);
INSERT INTO `maintain_icon` VALUES ('191', 'icon-star-half-full', 'icon-star-half-full', null, null, null, null, null, null, null, 'css_class', null);
INSERT INTO `maintain_icon` VALUES ('192', 'icon-subscript', 'icon-subscript', null, null, null, null, null, null, null, 'css_class', null);
INSERT INTO `maintain_icon` VALUES ('193', 'icon-suitcase', 'icon-suitcase', null, null, null, null, null, null, null, 'css_class', null);
INSERT INTO `maintain_icon` VALUES ('194', 'icon-sun', 'icon-sun', null, null, null, null, null, null, null, 'css_class', null);
INSERT INTO `maintain_icon` VALUES ('195', 'icon-superscript', 'icon-superscript', null, null, null, null, null, null, null, 'css_class', null);
INSERT INTO `maintain_icon` VALUES ('196', 'icon-tablet', 'icon-tablet', null, null, null, null, null, null, null, 'css_class', null);
INSERT INTO `maintain_icon` VALUES ('197', 'icon-tag', 'icon-tag', null, null, null, null, null, null, null, 'css_class', null);
INSERT INTO `maintain_icon` VALUES ('198', 'icon-tags', 'icon-tags', null, null, null, null, null, null, null, 'css_class', null);
INSERT INTO `maintain_icon` VALUES ('199', 'icon-tasks', 'icon-tasks', null, null, null, null, null, null, null, 'css_class', null);
INSERT INTO `maintain_icon` VALUES ('200', 'icon-terminal', 'icon-terminal', null, null, null, null, null, null, null, 'css_class', null);
INSERT INTO `maintain_icon` VALUES ('201', 'icon-thumbs-down', 'icon-thumbs-down', null, null, null, null, null, null, null, 'css_class', null);
INSERT INTO `maintain_icon` VALUES ('202', 'icon-thumbs-down-alt', 'icon-thumbs-down-alt', null, null, null, null, null, null, null, 'css_class', null);
INSERT INTO `maintain_icon` VALUES ('203', 'icon-thumbs-up', 'icon-thumbs-up', null, null, null, null, null, null, null, 'css_class', null);
INSERT INTO `maintain_icon` VALUES ('204', 'icon-thumbs-up-alt', 'icon-thumbs-up-alt', null, null, null, null, null, null, null, 'css_class', null);
INSERT INTO `maintain_icon` VALUES ('205', 'icon-ticket', 'icon-ticket', null, null, null, null, null, null, null, 'css_class', null);
INSERT INTO `maintain_icon` VALUES ('206', 'icon-time', 'icon-time', null, null, null, null, null, null, null, 'css_class', null);
INSERT INTO `maintain_icon` VALUES ('207', 'icon-tint', 'icon-tint', null, null, null, null, null, null, null, 'css_class', null);
INSERT INTO `maintain_icon` VALUES ('208', 'icon-trash', 'icon-trash', null, null, null, null, null, null, null, 'css_class', null);
INSERT INTO `maintain_icon` VALUES ('209', 'icon-trophy', 'icon-trophy', null, null, null, null, null, null, null, 'css_class', null);
INSERT INTO `maintain_icon` VALUES ('210', 'icon-truck', 'icon-truck', null, null, null, null, null, null, null, 'css_class', null);
INSERT INTO `maintain_icon` VALUES ('211', 'icon-umbrella', 'icon-umbrella', null, null, null, null, null, null, null, 'css_class', null);
INSERT INTO `maintain_icon` VALUES ('212', 'icon-unchecked', 'icon-unchecked', null, null, null, null, null, null, null, 'css_class', null);
INSERT INTO `maintain_icon` VALUES ('213', 'icon-unlock', 'icon-unlock', null, null, null, null, null, null, null, 'css_class', null);
INSERT INTO `maintain_icon` VALUES ('214', 'icon-unlock-alt', 'icon-unlock-alt', null, null, null, null, null, null, null, 'css_class', null);
INSERT INTO `maintain_icon` VALUES ('215', 'icon-upload', 'icon-upload', null, null, null, null, null, null, null, 'css_class', null);
INSERT INTO `maintain_icon` VALUES ('216', 'icon-upload-alt', 'icon-upload-alt', null, null, null, null, null, null, null, 'css_class', null);
INSERT INTO `maintain_icon` VALUES ('217', 'icon-user', 'icon-user', null, null, null, null, null, null, null, 'css_class', null);
INSERT INTO `maintain_icon` VALUES ('218', 'icon-volume-down', 'icon-volume-down', null, null, null, null, null, null, null, 'css_class', null);
INSERT INTO `maintain_icon` VALUES ('219', 'icon-volume-off', 'icon-volume-off', null, null, null, null, null, null, null, 'css_class', null);
INSERT INTO `maintain_icon` VALUES ('220', 'icon-volume-up', 'icon-volume-up', null, null, null, null, null, null, null, 'css_class', null);
INSERT INTO `maintain_icon` VALUES ('221', 'icon-warning-sign', 'icon-warning-sign', null, null, null, null, null, null, null, 'css_class', null);
INSERT INTO `maintain_icon` VALUES ('222', 'icon-wrench', 'icon-wrench', null, null, null, null, null, null, null, 'css_class', null);
INSERT INTO `maintain_icon` VALUES ('223', 'icon-zoom-in', 'icon-zoom-in', null, null, null, null, null, null, null, 'css_class', null);
INSERT INTO `maintain_icon` VALUES ('224', 'icon-zoom-out', 'icon-zoom-out', null, null, null, null, null, null, null, 'css_class', null);
INSERT INTO `maintain_icon` VALUES ('225', 'icon-bitcoin', 'icon-bitcoin', null, null, null, null, null, null, null, 'css_class', null);
INSERT INTO `maintain_icon` VALUES ('226', 'icon-btc', 'icon-btc', null, null, null, null, null, null, null, 'css_class', null);
INSERT INTO `maintain_icon` VALUES ('227', 'icon-cny', 'icon-cny', null, null, null, null, null, null, null, 'css_class', null);
INSERT INTO `maintain_icon` VALUES ('228', 'icon-dollar', 'icon-dollar', null, null, null, null, null, null, null, 'css_class', null);
INSERT INTO `maintain_icon` VALUES ('229', 'icon-eur', 'icon-eur', null, null, null, null, null, null, null, 'css_class', null);
INSERT INTO `maintain_icon` VALUES ('230', 'icon-euro', 'icon-euro', null, null, null, null, null, null, null, 'css_class', null);
INSERT INTO `maintain_icon` VALUES ('231', 'icon-gbp', 'icon-gbp', null, null, null, null, null, null, null, 'css_class', null);
INSERT INTO `maintain_icon` VALUES ('232', 'icon-inr', 'icon-inr', null, null, null, null, null, null, null, 'css_class', null);
INSERT INTO `maintain_icon` VALUES ('233', 'icon-jpy', 'icon-jpy', null, null, null, null, null, null, null, 'css_class', null);
INSERT INTO `maintain_icon` VALUES ('234', 'icon-krw', 'icon-krw', null, null, null, null, null, null, null, 'css_class', null);
INSERT INTO `maintain_icon` VALUES ('235', 'icon-renminbi', 'icon-renminbi', null, null, null, null, null, null, null, 'css_class', null);
INSERT INTO `maintain_icon` VALUES ('236', 'icon-rupee', 'icon-rupee', null, null, null, null, null, null, null, 'css_class', null);
INSERT INTO `maintain_icon` VALUES ('237', 'icon-usd', 'icon-usd', null, null, null, null, null, null, null, 'css_class', null);
INSERT INTO `maintain_icon` VALUES ('238', 'icon-won', 'icon-won', null, null, null, null, null, null, null, 'css_class', null);
INSERT INTO `maintain_icon` VALUES ('239', 'icon-yen', 'icon-yen', null, null, null, null, null, null, null, 'css_class', null);
INSERT INTO `maintain_icon` VALUES ('240', 'icon-align-center', 'icon-align-center', null, null, null, null, null, null, null, 'css_class', null);
INSERT INTO `maintain_icon` VALUES ('241', 'icon-align-justify', 'icon-align-justify', null, null, null, null, null, null, null, 'css_class', null);
INSERT INTO `maintain_icon` VALUES ('242', 'icon-align-left', 'icon-align-left', null, null, null, null, null, null, null, 'css_class', null);
INSERT INTO `maintain_icon` VALUES ('243', 'icon-align-right', 'icon-align-right', null, null, null, null, null, null, null, 'css_class', null);
INSERT INTO `maintain_icon` VALUES ('244', 'icon-bold', 'icon-bold', null, null, null, null, null, null, null, 'css_class', null);
INSERT INTO `maintain_icon` VALUES ('245', 'icon-columns', 'icon-columns', null, null, null, null, null, null, null, 'css_class', null);
INSERT INTO `maintain_icon` VALUES ('246', 'icon-copy', 'icon-copy', null, null, null, null, null, null, null, 'css_class', null);
INSERT INTO `maintain_icon` VALUES ('247', 'icon-cut', 'icon-cut', null, null, null, null, null, null, null, 'css_class', null);
INSERT INTO `maintain_icon` VALUES ('249', 'icon-file', 'icon-file', null, null, null, null, null, null, null, 'css_class', null);
INSERT INTO `maintain_icon` VALUES ('250', 'icon-file-alt', 'icon-file-alt', null, null, null, null, null, null, null, 'css_class', null);
INSERT INTO `maintain_icon` VALUES ('251', 'icon-file-text', 'icon-file-text', null, null, null, null, null, null, null, 'css_class', null);
INSERT INTO `maintain_icon` VALUES ('252', 'icon-file-text-alt', 'icon-file-text-alt', null, null, null, null, null, null, null, 'css_class', null);
INSERT INTO `maintain_icon` VALUES ('253', 'icon-font', 'icon-font', null, null, null, null, null, null, null, 'css_class', null);
INSERT INTO `maintain_icon` VALUES ('254', 'icon-indent-left', 'icon-indent-left', null, null, null, null, null, null, null, 'css_class', null);
INSERT INTO `maintain_icon` VALUES ('255', 'icon-indent-right', 'icon-indent-right', null, null, null, null, null, null, null, 'css_class', null);
INSERT INTO `maintain_icon` VALUES ('256', 'icon-italic', 'icon-italic', null, null, null, null, null, null, null, 'css_class', null);
INSERT INTO `maintain_icon` VALUES ('257', 'icon-link', 'icon-link', null, null, null, null, null, null, null, 'css_class', null);
INSERT INTO `maintain_icon` VALUES ('258', 'icon-list', 'icon-list', null, null, null, null, null, null, null, 'css_class', null);
INSERT INTO `maintain_icon` VALUES ('259', 'icon-list-alt', 'icon-list-alt', null, null, null, null, null, null, null, 'css_class', null);
INSERT INTO `maintain_icon` VALUES ('260', 'icon-list-ol', 'icon-list-ol', null, null, null, null, null, null, null, 'css_class', null);
INSERT INTO `maintain_icon` VALUES ('261', 'icon-list-ul', 'icon-list-ul', null, null, null, null, null, null, null, 'css_class', null);
INSERT INTO `maintain_icon` VALUES ('262', 'icon-paper-clip', 'icon-paper-clip', null, null, null, null, null, null, null, 'css_class', null);
INSERT INTO `maintain_icon` VALUES ('263', 'icon-paperclip', 'icon-paperclip', null, null, null, null, null, null, null, 'css_class', null);
INSERT INTO `maintain_icon` VALUES ('264', 'icon-paste', 'icon-paste', null, null, null, null, null, null, null, 'css_class', null);
INSERT INTO `maintain_icon` VALUES ('265', 'icon-repeat', 'icon-repeat', null, null, null, null, null, null, null, 'css_class', null);
INSERT INTO `maintain_icon` VALUES ('266', 'icon-rotate-left', 'icon-rotate-left', null, null, null, null, null, null, null, 'css_class', null);
INSERT INTO `maintain_icon` VALUES ('267', 'icon-rotate-right', 'icon-rotate-right', null, null, null, null, null, null, null, 'css_class', null);
INSERT INTO `maintain_icon` VALUES ('268', 'icon-save', 'icon-save', null, null, null, null, null, null, null, 'css_class', null);
INSERT INTO `maintain_icon` VALUES ('269', 'icon-strikethrough', 'icon-strikethrough', null, null, null, null, null, null, null, 'css_class', null);
INSERT INTO `maintain_icon` VALUES ('270', 'icon-table', 'icon-table', null, null, null, null, null, null, null, 'css_class', null);
INSERT INTO `maintain_icon` VALUES ('271', 'icon-text-height', 'icon-text-height', null, null, null, null, null, null, null, 'css_class', null);
INSERT INTO `maintain_icon` VALUES ('272', 'icon-text-width', 'icon-text-width', null, null, null, null, null, null, null, 'css_class', null);
INSERT INTO `maintain_icon` VALUES ('273', 'icon-th', 'icon-th', null, null, null, null, null, null, null, 'css_class', null);
INSERT INTO `maintain_icon` VALUES ('274', 'icon-th-large', 'icon-th-large', null, null, null, null, null, null, null, 'css_class', null);
INSERT INTO `maintain_icon` VALUES ('275', 'icon-th-list', 'icon-th-list', null, null, null, null, null, null, null, 'css_class', null);
INSERT INTO `maintain_icon` VALUES ('276', 'icon-underline', 'icon-underline', null, null, null, null, null, null, null, 'css_class', null);
INSERT INTO `maintain_icon` VALUES ('277', 'icon-undo', 'icon-undo', null, null, null, null, null, null, null, 'css_class', null);
INSERT INTO `maintain_icon` VALUES ('278', 'icon-unlink', 'icon-unlink', null, null, null, null, null, null, null, 'css_class', null);
INSERT INTO `maintain_icon` VALUES ('279', 'icon-angle-down', 'icon-angle-down', null, null, null, null, null, null, null, 'css_class', null);
INSERT INTO `maintain_icon` VALUES ('280', 'icon-angle-left', 'icon-angle-left', null, null, null, null, null, null, null, 'css_class', null);
INSERT INTO `maintain_icon` VALUES ('281', 'icon-angle-right', 'icon-angle-right', null, null, null, null, null, null, null, 'css_class', null);
INSERT INTO `maintain_icon` VALUES ('282', 'icon-angle-up', 'icon-angle-up', null, null, null, null, null, null, null, 'css_class', null);
INSERT INTO `maintain_icon` VALUES ('283', 'icon-arrow-down', 'icon-arrow-down', null, null, null, null, null, null, null, 'css_class', null);
INSERT INTO `maintain_icon` VALUES ('284', 'icon-arrow-left', 'icon-arrow-left', null, null, null, null, null, null, null, 'css_class', null);
INSERT INTO `maintain_icon` VALUES ('285', 'icon-arrow-right', 'icon-arrow-right', null, null, null, null, null, null, null, 'css_class', null);
INSERT INTO `maintain_icon` VALUES ('286', 'icon-arrow-up', 'icon-arrow-up', null, null, null, null, null, null, null, 'css_class', null);
INSERT INTO `maintain_icon` VALUES ('287', 'icon-caret-down', 'icon-caret-down', null, null, null, null, null, null, null, 'css_class', null);
INSERT INTO `maintain_icon` VALUES ('288', 'icon-caret-left', 'icon-caret-left', null, null, null, null, null, null, null, 'css_class', null);
INSERT INTO `maintain_icon` VALUES ('289', 'icon-caret-right', 'icon-caret-right', null, null, null, null, null, null, null, 'css_class', null);
INSERT INTO `maintain_icon` VALUES ('290', 'icon-caret-up', 'icon-caret-up', null, null, null, null, null, null, null, 'css_class', null);
INSERT INTO `maintain_icon` VALUES ('291', 'icon-chevron-down', 'icon-chevron-down', null, null, null, null, null, null, null, 'css_class', null);
INSERT INTO `maintain_icon` VALUES ('292', 'icon-chevron-left', 'icon-chevron-left', null, null, null, null, null, null, null, 'css_class', null);
INSERT INTO `maintain_icon` VALUES ('293', 'icon-chevron-right', 'icon-chevron-right', null, null, null, null, null, null, null, 'css_class', null);
INSERT INTO `maintain_icon` VALUES ('294', 'icon-chevron-sign-down', 'icon-chevron-sign-down', null, null, null, null, null, null, null, 'css_class', null);
INSERT INTO `maintain_icon` VALUES ('295', 'icon-chevron-sign-left', 'icon-chevron-sign-left', null, null, null, null, null, null, null, 'css_class', null);
INSERT INTO `maintain_icon` VALUES ('296', 'icon-chevron-sign-right', 'icon-chevron-sign-right', null, null, null, null, null, null, null, 'css_class', null);
INSERT INTO `maintain_icon` VALUES ('297', 'icon-chevron-sign-up', 'icon-chevron-sign-up', null, null, null, null, null, null, null, 'css_class', null);
INSERT INTO `maintain_icon` VALUES ('298', 'icon-chevron-up', 'icon-chevron-up', null, null, null, null, null, null, null, 'css_class', null);
INSERT INTO `maintain_icon` VALUES ('299', 'icon-circle-arrow-down', 'icon-circle-arrow-down', null, null, null, null, null, null, null, 'css_class', null);
INSERT INTO `maintain_icon` VALUES ('300', 'icon-circle-arrow-left', 'icon-circle-arrow-left', null, null, null, null, null, null, null, 'css_class', null);
INSERT INTO `maintain_icon` VALUES ('301', 'icon-circle-arrow-right', 'icon-circle-arrow-right', null, null, null, null, null, null, null, 'css_class', null);
INSERT INTO `maintain_icon` VALUES ('302', 'icon-circle-arrow-up', 'icon-circle-arrow-up', null, null, null, null, null, null, null, 'css_class', null);
INSERT INTO `maintain_icon` VALUES ('303', 'icon-double-angle-down', 'icon-double-angle-down', null, null, null, null, null, null, null, 'css_class', null);
INSERT INTO `maintain_icon` VALUES ('304', 'icon-double-angle-left', 'icon-double-angle-left', null, null, null, null, null, null, null, 'css_class', null);
INSERT INTO `maintain_icon` VALUES ('305', 'icon-double-angle-right', 'icon-double-angle-right', null, null, null, null, null, null, null, 'css_class', null);
INSERT INTO `maintain_icon` VALUES ('306', 'icon-double-angle-up', 'icon-double-angle-up', null, null, null, null, null, null, null, 'css_class', null);
INSERT INTO `maintain_icon` VALUES ('307', 'icon-hand-down', 'icon-hand-down', null, null, null, null, null, null, null, 'css_class', null);
INSERT INTO `maintain_icon` VALUES ('308', 'icon-hand-left', 'icon-hand-left', null, null, null, null, null, null, null, 'css_class', null);
INSERT INTO `maintain_icon` VALUES ('309', 'icon-hand-right', 'icon-hand-right', null, null, null, null, null, null, null, 'css_class', null);
INSERT INTO `maintain_icon` VALUES ('310', 'icon-hand-up', 'icon-hand-up', null, null, null, null, null, null, null, 'css_class', null);
INSERT INTO `maintain_icon` VALUES ('311', 'icon-long-arrow-down', 'icon-long-arrow-down', null, null, null, null, null, null, null, 'css_class', null);
INSERT INTO `maintain_icon` VALUES ('312', 'icon-long-arrow-left', 'icon-long-arrow-left', null, null, null, null, null, null, null, 'css_class', null);
INSERT INTO `maintain_icon` VALUES ('313', 'icon-long-arrow-right', 'icon-long-arrow-right', null, null, null, null, null, null, null, 'css_class', null);
INSERT INTO `maintain_icon` VALUES ('314', 'icon-long-arrow-up', 'icon-long-arrow-up', null, null, null, null, null, null, null, 'css_class', null);
INSERT INTO `maintain_icon` VALUES ('315', 'icon-backward', 'icon-backward', null, null, null, null, null, null, null, 'css_class', null);
INSERT INTO `maintain_icon` VALUES ('316', 'icon-eject', 'icon-eject', null, null, null, null, null, null, null, 'css_class', null);
INSERT INTO `maintain_icon` VALUES ('317', 'icon-fast-backward', 'icon-fast-backward', null, null, null, null, null, null, null, 'css_class', null);
INSERT INTO `maintain_icon` VALUES ('318', 'icon-fast-forward', 'icon-fast-forward', null, null, null, null, null, null, null, 'css_class', null);
INSERT INTO `maintain_icon` VALUES ('319', 'icon-forward', 'icon-forward', null, null, null, null, null, null, null, 'css_class', null);
INSERT INTO `maintain_icon` VALUES ('320', 'icon-fullscreen', 'icon-fullscreen', null, null, null, null, null, null, null, 'css_class', null);
INSERT INTO `maintain_icon` VALUES ('321', 'icon-pause', 'icon-pause', null, null, null, null, null, null, null, 'css_class', null);
INSERT INTO `maintain_icon` VALUES ('322', 'icon-play', 'icon-play', null, null, null, null, null, null, null, 'css_class', null);
INSERT INTO `maintain_icon` VALUES ('323', 'icon-play-circle', 'icon-play-circle', null, null, null, null, null, null, null, 'css_class', null);
INSERT INTO `maintain_icon` VALUES ('324', 'icon-play-sign', 'icon-play-sign', null, null, null, null, null, null, null, 'css_class', null);
INSERT INTO `maintain_icon` VALUES ('325', 'icon-resize-full', 'icon-resize-full', null, null, null, null, null, null, null, 'css_class', null);
INSERT INTO `maintain_icon` VALUES ('326', 'icon-resize-small', 'icon-resize-small', null, null, null, null, null, null, null, 'css_class', null);
INSERT INTO `maintain_icon` VALUES ('327', 'icon-step-backward', 'icon-step-backward', null, null, null, null, null, null, null, 'css_class', null);
INSERT INTO `maintain_icon` VALUES ('328', 'icon-step-forward', 'icon-step-forward', null, null, null, null, null, null, null, 'css_class', null);
INSERT INTO `maintain_icon` VALUES ('329', 'icon-stop', 'icon-stop', null, null, null, null, null, null, null, 'css_class', null);
INSERT INTO `maintain_icon` VALUES ('330', 'icon-youtube-play', 'icon-youtube-play', null, null, null, null, null, null, null, 'css_class', null);
INSERT INTO `maintain_icon` VALUES ('331', 'icon-adn', 'icon-adn', null, null, null, null, null, null, null, 'css_class', null);
INSERT INTO `maintain_icon` VALUES ('332', 'icon-android', 'icon-android', null, null, null, null, null, null, null, 'css_class', null);
INSERT INTO `maintain_icon` VALUES ('333', 'icon-apple', 'icon-apple', null, null, null, null, null, null, null, 'css_class', null);
INSERT INTO `maintain_icon` VALUES ('334', 'icon-bitbucket', 'icon-bitbucket', null, null, null, null, null, null, null, 'css_class', null);
INSERT INTO `maintain_icon` VALUES ('335', 'icon-bitbucket-sign', 'icon-bitbucket-sign', null, null, null, null, null, null, null, 'css_class', null);
INSERT INTO `maintain_icon` VALUES ('338', 'icon-css3', 'icon-css3', null, null, null, null, null, null, null, 'css_class', null);
INSERT INTO `maintain_icon` VALUES ('339', 'icon-dribble', 'icon-dribble', null, null, null, null, null, null, null, 'css_class', null);
INSERT INTO `maintain_icon` VALUES ('340', 'icon-dropbox', 'icon-dropbox', null, null, null, null, null, null, null, 'css_class', null);
INSERT INTO `maintain_icon` VALUES ('341', 'icon-facebook', 'icon-facebook', null, null, null, null, null, null, null, 'css_class', null);
INSERT INTO `maintain_icon` VALUES ('342', 'icon-facebook-sign', 'icon-facebook-sign', null, null, null, null, null, null, null, 'css_class', null);
INSERT INTO `maintain_icon` VALUES ('343', 'icon-flickr', 'icon-flickr', null, null, null, null, null, null, null, 'css_class', null);
INSERT INTO `maintain_icon` VALUES ('344', 'icon-foursquare', 'icon-foursquare', null, null, null, null, null, null, null, 'css_class', null);
INSERT INTO `maintain_icon` VALUES ('345', 'icon-github', 'icon-github', null, null, null, null, null, null, null, 'css_class', null);
INSERT INTO `maintain_icon` VALUES ('346', 'icon-github-alt', 'icon-github-alt', null, null, null, null, null, null, null, 'css_class', null);
INSERT INTO `maintain_icon` VALUES ('347', 'icon-github-sign', 'icon-github-sign', null, null, null, null, null, null, null, 'css_class', null);
INSERT INTO `maintain_icon` VALUES ('348', 'icon-gittip', 'icon-gittip', null, null, null, null, null, null, null, 'css_class', null);
INSERT INTO `maintain_icon` VALUES ('349', 'icon-google-plus', 'icon-google-plus', null, null, null, null, null, null, null, 'css_class', null);
INSERT INTO `maintain_icon` VALUES ('350', 'icon-google-plus-sign', 'icon-google-plus-sign', null, null, null, null, null, null, null, 'css_class', null);
INSERT INTO `maintain_icon` VALUES ('351', 'icon-html5', 'icon-html5', null, null, null, null, null, null, null, 'css_class', null);
INSERT INTO `maintain_icon` VALUES ('352', 'icon-instagram', 'icon-instagram', null, null, null, null, null, null, null, 'css_class', null);
INSERT INTO `maintain_icon` VALUES ('353', 'icon-linkedin', 'icon-linkedin', null, null, null, null, null, null, null, 'css_class', null);
INSERT INTO `maintain_icon` VALUES ('354', 'icon-linkedin-sign', 'icon-linkedin-sign', null, null, null, null, null, null, null, 'css_class', null);
INSERT INTO `maintain_icon` VALUES ('355', 'icon-linux', 'icon-linux', null, null, null, null, null, null, null, 'css_class', null);
INSERT INTO `maintain_icon` VALUES ('356', 'icon-maxcdn', 'icon-maxcdn', null, null, null, null, null, null, null, 'css_class', null);
INSERT INTO `maintain_icon` VALUES ('357', 'icon-pinterest', 'icon-pinterest', null, null, null, null, null, null, null, 'css_class', null);
INSERT INTO `maintain_icon` VALUES ('358', 'icon-pinterest-sign', 'icon-pinterest-sign', null, null, null, null, null, null, null, 'css_class', null);
INSERT INTO `maintain_icon` VALUES ('359', 'icon-renren', 'icon-renren', null, null, null, null, null, null, null, 'css_class', null);
INSERT INTO `maintain_icon` VALUES ('360', 'icon-skype', 'icon-skype', null, null, null, null, null, null, null, 'css_class', null);
INSERT INTO `maintain_icon` VALUES ('361', 'icon-stackexchange', 'icon-stackexchange', null, null, null, null, null, null, null, 'css_class', null);
INSERT INTO `maintain_icon` VALUES ('362', 'icon-trello', 'icon-trello', null, null, null, null, null, null, null, 'css_class', null);
INSERT INTO `maintain_icon` VALUES ('363', 'icon-tumblr', 'icon-tumblr', null, null, null, null, null, null, null, 'css_class', null);
INSERT INTO `maintain_icon` VALUES ('364', 'icon-tumblr-sign', 'icon-tumblr-sign', null, null, null, null, null, null, null, 'css_class', null);
INSERT INTO `maintain_icon` VALUES ('365', 'icon-twitter', 'icon-twitter', null, null, null, null, null, null, null, 'css_class', null);
INSERT INTO `maintain_icon` VALUES ('366', 'icon-twitter-sign', 'icon-twitter-sign', null, null, null, null, null, null, null, 'css_class', null);
INSERT INTO `maintain_icon` VALUES ('367', 'icon-vk', 'icon-vk', null, null, null, null, null, null, null, 'css_class', null);
INSERT INTO `maintain_icon` VALUES ('368', 'icon-weibo', 'icon-weibo', null, null, null, null, null, null, null, 'css_class', null);
INSERT INTO `maintain_icon` VALUES ('369', 'icon-windows', 'icon-windows', null, null, null, null, null, null, null, 'css_class', null);
INSERT INTO `maintain_icon` VALUES ('370', 'icon-xing', 'icon-xing', null, null, null, null, null, null, null, 'css_class', null);
INSERT INTO `maintain_icon` VALUES ('371', 'icon-xing-sign', 'icon-xing-sign', null, null, null, null, null, null, null, 'css_class', null);
INSERT INTO `maintain_icon` VALUES ('372', 'icon-youtube', 'icon-youtube', null, null, null, null, null, null, null, 'css_class', null);
INSERT INTO `maintain_icon` VALUES ('374', 'icon-youtube-sign', 'icon-youtube-sign', null, null, null, null, null, null, null, 'css_class', null);
INSERT INTO `maintain_icon` VALUES ('375', 'icon-ambulance', 'icon-ambulance', null, null, null, null, null, null, null, 'css_class', null);
INSERT INTO `maintain_icon` VALUES ('376', 'icon-h-sign', 'icon-h-sign', null, null, null, null, null, null, null, 'css_class', null);
INSERT INTO `maintain_icon` VALUES ('377', 'icon-hospital', 'icon-hospital', null, null, null, null, null, null, null, 'css_class', null);
INSERT INTO `maintain_icon` VALUES ('378', 'icon-medkit', 'icon-medkit', null, null, null, null, null, null, null, 'css_class', null);
INSERT INTO `maintain_icon` VALUES ('380', 'icon-stethoscope', 'icon-stethoscope', null, null, null, null, null, null, null, 'css_class', null);
INSERT INTO `maintain_icon` VALUES ('381', 'icon-user-md', 'icon-user-md', null, null, null, null, null, null, null, 'css_class', null);
INSERT INTO `maintain_icon` VALUES ('1001', 'ztree_root_close', null, 'static/comp/zTree/css/zTreeStyle/img/diy/1_close.png', '16', '16', null, null, null, null, 'upload_file', null);
INSERT INTO `maintain_icon` VALUES ('1002', 'ztree_root_open', null, 'static/comp/zTree/css/zTreeStyle/img/diy/1_open.png', '16', '16', null, null, null, null, 'upload_file', null);
INSERT INTO `maintain_icon` VALUES ('1003', 'ztree_edit', null, 'static/comp/zTree/css/zTreeStyle/img/diy/2.png', '16', '16', null, null, null, null, 'upload_file', null);
INSERT INTO `maintain_icon` VALUES ('1004', 'ztree_star', null, 'static/comp/zTree/css/zTreeStyle/img/diy/3.png', '16', '16', null, null, null, null, 'upload_file', null);
INSERT INTO `maintain_icon` VALUES ('1005', 'ztree_calendar', null, 'static/comp/zTree/css/zTreeStyle/img/diy/4.png', '16', '16', null, null, null, null, 'upload_file', null);
INSERT INTO `maintain_icon` VALUES ('1006', 'ztree_heart', null, 'static/comp/zTree/css/zTreeStyle/img/diy/5.png', '16', '16', null, null, null, null, 'upload_file', null);
INSERT INTO `maintain_icon` VALUES ('1007', 'ztree_save', null, 'static/comp/zTree/css/zTreeStyle/img/diy/6.png', '16', '16', null, null, null, null, 'upload_file', null);
INSERT INTO `maintain_icon` VALUES ('1008', 'ztree_msg', null, 'static/comp/zTree/css/zTreeStyle/img/diy/7.png', '16', '16', null, null, null, null, 'upload_file', null);
INSERT INTO `maintain_icon` VALUES ('1009', 'ztree_report', null, 'static/comp/zTree/css/zTreeStyle/img/diy/8.png', '16', '16', null, null, null, null, 'upload_file', null);
INSERT INTO `maintain_icon` VALUES ('1010', 'ztree_setting', null, 'static/comp/zTree/css/zTreeStyle/img/diy/9.png', '16', '16', null, null, null, null, 'upload_file', null);
INSERT INTO `maintain_icon` VALUES ('1011', 'ztree_file', null, 'static/comp/zTree/css/zTreeStyle/img/diy/file.png', '16', '16', null, null, null, null, 'upload_file', null);
INSERT INTO `maintain_icon` VALUES ('1012', 'ztree_folder', null, 'static/comp/zTree/css/zTreeStyle/img/diy/folder.png', '16', '16', null, null, null, null, 'upload_file', null);
INSERT INTO `maintain_icon` VALUES ('1013', 'ztree_branch', null, 'static/comp/zTree/css/zTreeStyle/img/diy/branch.png', '16', '16', null, null, null, null, 'upload_file', null);
INSERT INTO `maintain_icon` VALUES ('1014', 'ztree_leaf', null, 'static/comp/zTree/css/zTreeStyle/img/diy/leaf.png', '16', '16', null, null, null, null, 'upload_file', null);
INSERT INTO `maintain_icon` VALUES ('1500', 'ztree_folder_open', null, null, '16', '16', 'static/comp/zTree/css/zTreeStyle/img/zTreeStandard.png', '110', '0', null, 'css_sprite', null);
INSERT INTO `maintain_icon` VALUES ('1501', 'ztree_folder_close', null, null, '16', '16', 'static/comp/zTree/css/zTreeStyle/img/zTreeStandard.png', '110', '17', null, 'css_sprite', null);
INSERT INTO `maintain_icon` VALUES ('1502', 'ztree_file2', null, null, '16', '16', 'static/comp/zTree/css/zTreeStyle/img/zTreeStandard.png', '110', '32', null, 'css_sprite', null);
INSERT INTO `maintain_icon` VALUES ('1503', 'ztree_edit2', null, null, '16', '16', 'static/comp/zTree/css/zTreeStyle/img/zTreeStandard.png', '110', '48', null, 'css_sprite', null);
INSERT INTO `maintain_icon` VALUES ('1504', 'ztree_delete', null, null, '16', '16', 'static/comp/zTree/css/zTreeStyle/img/zTreeStandard.png', '110', '64', null, 'css_sprite', null);
INSERT INTO `maintain_icon` VALUES ('1505', 'ztree_arrow', null, null, '16', '16', 'static/comp/zTree/css/zTreeStyle/img/zTreeStandard.png', '110', '80', null, 'css_sprite', null);
INSERT INTO `maintain_icon` VALUES ('1506', 'ztree_plus', null, null, '13', '13', 'static/comp/zTree/css/zTreeStyle/img/zTreeStandard.png', '79', '75', null, 'css_sprite', null);
INSERT INTO `maintain_icon` VALUES ('1507', 'ztree_minus', null, null, '13', '13', 'static/comp/zTree/css/zTreeStyle/img/zTreeStandard.png', '98', '75', null, 'css_sprite', null);
INSERT INTO `maintain_icon` VALUES ('1508', 'ztree_add', null, null, '16', '16', 'static/comp/zTree/css/zTreeStyle/img/zTreeStandard.png', '144', '0', null, 'css_sprite', null);
INSERT INTO `maintain_icon` VALUES ('1509', 'ztree_cicle_arrow_left1', null, null, '16', '16', 'static/comp/zTree/css/zTreeStyle/img/zTreeStandard.png', '144', '15', null, 'css_sprite', null);
INSERT INTO `maintain_icon` VALUES ('1510', 'ztree_cicle_arrow_right1', null, null, '16', '16', 'static/comp/zTree/css/zTreeStyle/img/zTreeStandard.png', '144', '32', null, 'css_sprite', null);
INSERT INTO `maintain_icon` VALUES ('1511', 'ztree_cicle_arrow_left2', null, null, '16', '16', 'static/comp/zTree/css/zTreeStyle/img/zTreeStandard.png', '144', '48', null, 'css_sprite', null);
INSERT INTO `maintain_icon` VALUES ('1512', 'ztree_cicle_arrow_right2', null, null, '16', '16', 'static/comp/zTree/css/zTreeStyle/img/zTreeStandard.png', '144', '64', null, 'css_sprite', null);
INSERT INTO `maintain_icon` VALUES ('1513', 'ztree_cicle_arrow', null, null, '16', '16', 'static/comp/zTree/css/zTreeStyle/img/zTreeStandard.png', '127', '48', null, 'css_sprite', null);
INSERT INTO `maintain_icon` VALUES ('1514', 'ztree_star_light', null, null, '16', '16', 'static/comp/zTree/css/zTreeStyle/img/zTreeStandard.png', '127', '64', null, 'css_sprite', null);
INSERT INTO `maintain_icon` VALUES ('1515', 'ztree_star_dark', null, null, '16', '16', 'static/comp/zTree/css/zTreeStyle/img/zTreeStandard.png', '127', '80', null, 'css_sprite', null);

-- ----------------------------
-- Table structure for `maintain_map`
-- ----------------------------
DROP TABLE IF EXISTS `maintain_map`;
CREATE TABLE `maintain_map` (
  `id` bigint(20) NOT NULL AUTO_INCREMENT,
  `map_key` varchar(200) DEFAULT NULL,
  `map_value` varchar(500) DEFAULT NULL,
  PRIMARY KEY (`id`),
  UNIQUE KEY `unique_maintain_map_key` (`map_key`)
) ENGINE=InnoDB AUTO_INCREMENT=2000 DEFAULT CHARSET=utf8;

-- ----------------------------
-- Records of maintain_map
-- ----------------------------

-- ----------------------------
-- Table structure for `maintain_notification_data`
-- ----------------------------
DROP TABLE IF EXISTS `maintain_notification_data`;
CREATE TABLE `maintain_notification_data` (
  `id` bigint(20) NOT NULL AUTO_INCREMENT,
  `user_id` bigint(20) DEFAULT NULL,
  `system` varchar(50) DEFAULT NULL,
  `title` varchar(600) DEFAULT NULL,
  `content` varchar(2000) DEFAULT NULL,
  `date` timestamp NOT NULL DEFAULT '1970-01-02 00:00:00',
  `is_read` tinyint(1) DEFAULT NULL,
  PRIMARY KEY (`id`),
  KEY `idx_maintain_notification_data_user_id_read` (`user_id`,`is_read`)
) ENGINE=InnoDB AUTO_INCREMENT=8 DEFAULT CHARSET=utf8;

-- ----------------------------
-- Records of maintain_notification_data
-- ----------------------------
INSERT INTO `maintain_notification_data` VALUES ('7', '1', 'excel', 'Excel', 'Excel0<a href=\"{ctx}\\upload\\excel\\admin\\excel_20170102235331297.xlsx\" target=\"_blank\"></a>3', '2017-01-02 23:53:32', '0');

-- ----------------------------
-- Table structure for `maintain_notification_template`
-- ----------------------------
DROP TABLE IF EXISTS `maintain_notification_template`;
CREATE TABLE `maintain_notification_template` (
  `id` bigint(20) NOT NULL AUTO_INCREMENT,
  `name` varchar(200) DEFAULT NULL,
  `system` varchar(50) DEFAULT NULL,
  `title` varchar(600) DEFAULT NULL,
  `template` varchar(2000) DEFAULT NULL,
  `deleted` tinyint(1) DEFAULT NULL,
  PRIMARY KEY (`id`),
  UNIQUE KEY `unique_maintain_notification_template_name` (`name`)
) ENGINE=InnoDB AUTO_INCREMENT=2012 DEFAULT CHARSET=utf8;

-- ----------------------------
-- Records of maintain_notification_template
-- ----------------------------
INSERT INTO `maintain_notification_template` VALUES ('1', 'excelInitDataSuccess', 'excel', 'Excel', 'Excel{seconds}/', '0');
INSERT INTO `maintain_notification_template` VALUES ('2', 'excelImportSuccess', 'excel', 'Excel', 'Excel{seconds}<a onclick=\"$($.find(\'#menu a:contains(Excel/)\')).click();$(\'.notification-list .close-notification-list\').click();\"></a>', '0');
INSERT INTO `maintain_notification_template` VALUES ('3', 'excelImportError', 'excel', 'Excel', 'Excel{error}', '0');
INSERT INTO `maintain_notification_template` VALUES ('4', 'excelExportSuccess', 'excel', 'Excel', 'Excel{seconds}<a href=\"{ctx}{url}\" target=\"_blank\"></a>3', '0');
INSERT INTO `maintain_notification_template` VALUES ('5', 'excelExportError', 'excel', 'Excel', 'Excel{error}', '0');

-- ----------------------------
-- Table structure for `maintain_task_definition`
-- ----------------------------
DROP TABLE IF EXISTS `maintain_task_definition`;
CREATE TABLE `maintain_task_definition` (
  `id` bigint(20) NOT NULL AUTO_INCREMENT,
  `name` varchar(500) DEFAULT NULL,
  `cron` varchar(200) DEFAULT NULL,
  `bean_class` varchar(200) DEFAULT NULL,
  `bean_name` varchar(200) DEFAULT NULL,
  `method_name` varchar(200) DEFAULT NULL,
  `is_start` tinyint(1) DEFAULT NULL,
  `description` varchar(2000) DEFAULT NULL,
  PRIMARY KEY (`id`)
) ENGINE=InnoDB DEFAULT CHARSET=utf8;

-- ----------------------------
-- Records of maintain_task_definition
-- ----------------------------

-- ----------------------------
-- Table structure for `personal_calendar`
-- ----------------------------
DROP TABLE IF EXISTS `personal_calendar`;
CREATE TABLE `personal_calendar` (
  `id` bigint(20) NOT NULL AUTO_INCREMENT,
  `user_id` bigint(20) DEFAULT NULL,
  `title` varchar(500) DEFAULT NULL,
  `details` varchar(1000) DEFAULT NULL,
  `start_date` date DEFAULT NULL,
  `length` int(11) DEFAULT NULL,
  `start_time` time DEFAULT NULL,
  `end_time` time DEFAULT NULL,
  `background_color` varchar(100) DEFAULT NULL,
  `text_color` varchar(100) DEFAULT NULL,
  PRIMARY KEY (`id`),
  KEY `office_calendar_user_id_start_date` (`user_id`,`start_date`)
) ENGINE=InnoDB DEFAULT CHARSET=utf8;

-- ----------------------------
-- Records of personal_calendar
-- ----------------------------

-- ----------------------------
-- Table structure for `personal_message`
-- ----------------------------
DROP TABLE IF EXISTS `personal_message`;
CREATE TABLE `personal_message` (
  `id` bigint(20) NOT NULL AUTO_INCREMENT,
  `sender_id` bigint(20) DEFAULT NULL,
  `receiver_id` bigint(20) DEFAULT NULL,
  `send_date` timestamp NOT NULL DEFAULT '1970-01-02 00:00:00',
  `title` varchar(200) DEFAULT NULL,
  `sender_state` varchar(20) DEFAULT NULL,
  `sender_state_change_date` timestamp NOT NULL DEFAULT '1970-01-02 00:00:00',
  `receiver_state` varchar(20) DEFAULT NULL,
  `receiver_state_change_date` timestamp NOT NULL DEFAULT '1970-01-02 00:00:00',
  `type` varchar(20) DEFAULT NULL,
  `is_read` tinyint(1) DEFAULT NULL,
  `is_replied` tinyint(1) DEFAULT NULL,
  `parent_id` bigint(20) DEFAULT NULL,
  `parent_ids` varchar(200) DEFAULT NULL,
  PRIMARY KEY (`id`),
  KEY `idx_personal_message_sender_id_sender_state` (`sender_id`,`sender_state`),
  KEY `idx_personal_message_receiver_id_receiver_state` (`receiver_id`,`receiver_state`,`is_read`),
  KEY `idx_personal_sender_state_change_date` (`sender_state_change_date`),
  KEY `idx_personal_receiver_state_change_date` (`receiver_state_change_date`),
  KEY `idx_personal_parent_id` (`parent_id`),
  KEY `idx_personal_parent_ids` (`parent_ids`),
  KEY `idx_personal_message_type` (`type`)
) ENGINE=InnoDB AUTO_INCREMENT=391 DEFAULT CHARSET=utf8;

-- ----------------------------
-- Records of personal_message
-- ----------------------------

-- ----------------------------
-- Table structure for `personal_message_content`
-- ----------------------------
DROP TABLE IF EXISTS `personal_message_content`;
CREATE TABLE `personal_message_content` (
  `id` bigint(20) NOT NULL AUTO_INCREMENT,
  `message_id` bigint(20) DEFAULT NULL,
  `content` longtext,
  PRIMARY KEY (`id`),
  KEY `idx_personal_message_content_message_id` (`message_id`)
) ENGINE=InnoDB AUTO_INCREMENT=403 DEFAULT CHARSET=utf8;

-- ----------------------------
-- Records of personal_message_content
-- ----------------------------

-- ----------------------------
-- Table structure for `showcase_category`
-- ----------------------------
DROP TABLE IF EXISTS `showcase_category`;
CREATE TABLE `showcase_category` (
  `id` bigint(20) NOT NULL AUTO_INCREMENT,
  `name` varchar(100) DEFAULT NULL,
  `weight` int(11) DEFAULT '0',
  `is_show` tinyint(1) DEFAULT NULL,
  PRIMARY KEY (`id`)
) ENGINE=InnoDB DEFAULT CHARSET=utf8;

-- ----------------------------
-- Records of showcase_category
-- ----------------------------

-- ----------------------------
-- Table structure for `showcase_child`
-- ----------------------------
DROP TABLE IF EXISTS `showcase_child`;
CREATE TABLE `showcase_child` (
  `id` bigint(20) NOT NULL AUTO_INCREMENT,
  `parent_id` bigint(20) unsigned DEFAULT NULL,
  `name` varchar(100) DEFAULT NULL,
  `type` varchar(50) DEFAULT NULL,
  `beginTime` time DEFAULT NULL,
  `endTime` time DEFAULT NULL,
  `is_show` tinyint(1) DEFAULT NULL,
  PRIMARY KEY (`id`)
) ENGINE=InnoDB DEFAULT CHARSET=utf8;

-- ----------------------------
-- Records of showcase_child
-- ----------------------------

-- ----------------------------
-- Table structure for `showcase_editor`
-- ----------------------------
DROP TABLE IF EXISTS `showcase_editor`;
CREATE TABLE `showcase_editor` (
  `id` bigint(20) NOT NULL AUTO_INCREMENT,
  `title` varchar(500) DEFAULT NULL,
  `content` longtext,
  PRIMARY KEY (`id`)
) ENGINE=InnoDB DEFAULT CHARSET=utf8;

-- ----------------------------
-- Records of showcase_editor
-- ----------------------------

-- ----------------------------
-- Table structure for `showcase_excel_data`
-- ----------------------------
DROP TABLE IF EXISTS `showcase_excel_data`;
CREATE TABLE `showcase_excel_data` (
  `id` bigint(20) NOT NULL AUTO_INCREMENT,
  `content` longtext,
  PRIMARY KEY (`id`)
) ENGINE=InnoDB DEFAULT CHARSET=utf8;

-- ----------------------------
-- Records of showcase_excel_data
-- ----------------------------

-- ----------------------------
-- Table structure for `showcase_moveable`
-- ----------------------------
DROP TABLE IF EXISTS `showcase_moveable`;
CREATE TABLE `showcase_moveable` (
  `id` bigint(20) NOT NULL AUTO_INCREMENT,
  `name` varchar(100) DEFAULT NULL,
  `weight` int(11) DEFAULT '0',
  `is_show` tinyint(1) DEFAULT '0',
  PRIMARY KEY (`id`),
  KEY `idx_showcase_moveable_weight` (`weight`)
) ENGINE=InnoDB DEFAULT CHARSET=utf8;

-- ----------------------------
-- Records of showcase_moveable
-- ----------------------------

-- ----------------------------
-- Table structure for `showcase_parent`
-- ----------------------------
DROP TABLE IF EXISTS `showcase_parent`;
CREATE TABLE `showcase_parent` (
  `id` bigint(20) NOT NULL AUTO_INCREMENT,
  `name` varchar(100) DEFAULT NULL,
  `type` varchar(50) DEFAULT NULL,
  `beginDate` timestamp NOT NULL DEFAULT '1970-01-02 00:00:00',
  `endDate` timestamp NOT NULL DEFAULT '1970-01-02 00:00:00',
  `is_show` tinyint(1) DEFAULT NULL,
  PRIMARY KEY (`id`)
) ENGINE=InnoDB DEFAULT CHARSET=utf8;

-- ----------------------------
-- Records of showcase_parent
-- ----------------------------

-- ----------------------------
-- Table structure for `showcase_product`
-- ----------------------------
DROP TABLE IF EXISTS `showcase_product`;
CREATE TABLE `showcase_product` (
  `id` bigint(20) NOT NULL AUTO_INCREMENT,
  `category_id` bigint(20) unsigned DEFAULT NULL,
  `name` varchar(100) DEFAULT NULL,
  `price` bigint(20) DEFAULT '0',
  `number` bigint(20) DEFAULT '0',
  `beginDate` timestamp NOT NULL DEFAULT '1970-01-02 00:00:00',
  `endDate` timestamp NOT NULL DEFAULT '1970-01-02 00:00:00',
  `is_show` tinyint(1) DEFAULT NULL,
  PRIMARY KEY (`id`)
) ENGINE=InnoDB DEFAULT CHARSET=utf8;

-- ----------------------------
-- Records of showcase_product
-- ----------------------------

-- ----------------------------
-- Table structure for `showcase_sample`
-- ----------------------------
DROP TABLE IF EXISTS `showcase_sample`;
CREATE TABLE `showcase_sample` (
  `id` bigint(20) NOT NULL AUTO_INCREMENT,
  `name` varchar(100) DEFAULT NULL,
  `age` smallint(6) DEFAULT NULL,
  `birthday` timestamp NOT NULL DEFAULT '1970-01-02 00:00:00',
  `sex` varchar(50) DEFAULT NULL,
  `is_show` tinyint(1) DEFAULT '0',
  `deleted` tinyint(1) DEFAULT '0',
  PRIMARY KEY (`id`),
  UNIQUE KEY `unique_showcase_sample_name` (`name`),
  KEY `idx_showcase_sample_birthday` (`birthday`)
) ENGINE=InnoDB DEFAULT CHARSET=utf8;

-- ----------------------------
-- Records of showcase_sample
-- ----------------------------

-- ----------------------------
-- Table structure for `showcase_status_audit`
-- ----------------------------
DROP TABLE IF EXISTS `showcase_status_audit`;
CREATE TABLE `showcase_status_audit` (
  `id` bigint(20) NOT NULL AUTO_INCREMENT,
  `name` varchar(100) DEFAULT NULL,
  `status` varchar(100) DEFAULT NULL,
  `comment` varchar(500) DEFAULT NULL,
  PRIMARY KEY (`id`)
) ENGINE=InnoDB DEFAULT CHARSET=utf8;

-- ----------------------------
-- Records of showcase_status_audit
-- ----------------------------

-- ----------------------------
-- Table structure for `showcase_status_show`
-- ----------------------------
DROP TABLE IF EXISTS `showcase_status_show`;
CREATE TABLE `showcase_status_show` (
  `id` bigint(20) NOT NULL AUTO_INCREMENT,
  `name` varchar(100) DEFAULT NULL,
  `status` varchar(100) DEFAULT NULL,
  PRIMARY KEY (`id`)
) ENGINE=InnoDB DEFAULT CHARSET=utf8;

-- ----------------------------
-- Records of showcase_status_show
-- ----------------------------

-- ----------------------------
-- Table structure for `showcase_tree`
-- ----------------------------
DROP TABLE IF EXISTS `showcase_tree`;
CREATE TABLE `showcase_tree` (
  `id` bigint(20) NOT NULL AUTO_INCREMENT,
  `name` varchar(100) DEFAULT NULL,
  `parent_id` bigint(20) DEFAULT NULL,
  `parent_ids` varchar(200) DEFAULT '',
  `icon` varchar(200) DEFAULT NULL,
  `weight` int(11) DEFAULT NULL,
  `is_show` tinyint(1) DEFAULT NULL,
  PRIMARY KEY (`id`),
  KEY `idx_showcase_tree_parentId` (`parent_id`),
  KEY `idx_showcase_tree_parentIds_weight` (`parent_ids`,`weight`)
) ENGINE=InnoDB AUTO_INCREMENT=1001 DEFAULT CHARSET=utf8;

-- ----------------------------
-- Records of showcase_tree
-- ----------------------------
INSERT INTO `showcase_tree` VALUES ('1', '', '0', '0/', null, '1', '1');
INSERT INTO `showcase_tree` VALUES ('2', '1', '1', '0/1/', null, '1', '1');
INSERT INTO `showcase_tree` VALUES ('3', '11', '2', '0/1/2/', null, '1', '1');
INSERT INTO `showcase_tree` VALUES ('4', '12', '2', '0/1/2/', null, '2', '1');
INSERT INTO `showcase_tree` VALUES ('5', '2', '1', '0/1/', null, '2', '1');
INSERT INTO `showcase_tree` VALUES ('6', '21', '5', '0/1/5/', null, '1', '1');
INSERT INTO `showcase_tree` VALUES ('7', '3', '1', '0/1/', null, '3', '1');
INSERT INTO `showcase_tree` VALUES ('8', '31', '7', '0/1/7/', null, '2', '1');
INSERT INTO `showcase_tree` VALUES ('9', '32', '7', '0/1/7/', null, '1', '1');
INSERT INTO `showcase_tree` VALUES ('10', '31', '7', '0/1/7/', null, '3', '1');
INSERT INTO `showcase_tree` VALUES ('11', '311', '10', '0/1/7/10/', null, '1', '1');
INSERT INTO `showcase_tree` VALUES ('1000', '', '2', '0/1/2/', null, '3', '0');

-- ----------------------------
-- Table structure for `showcase_upload`
-- ----------------------------
DROP TABLE IF EXISTS `showcase_upload`;
CREATE TABLE `showcase_upload` (
  `id` bigint(20) NOT NULL AUTO_INCREMENT,
  `name` varchar(100) DEFAULT NULL,
  `src` varchar(500) DEFAULT NULL,
  PRIMARY KEY (`id`)
) ENGINE=InnoDB DEFAULT CHARSET=utf8;

-- ----------------------------
-- Records of showcase_upload
-- ----------------------------

-- ----------------------------
-- Table structure for `sys_auth`
-- ----------------------------
DROP TABLE IF EXISTS `sys_auth`;
CREATE TABLE `sys_auth` (
  `id` bigint(20) NOT NULL AUTO_INCREMENT,
  `organization_id` bigint(20) DEFAULT NULL,
  `job_id` bigint(20) DEFAULT NULL,
  `user_id` bigint(20) DEFAULT NULL,
  `group_id` bigint(20) DEFAULT NULL,
  `role_ids` varchar(500) DEFAULT NULL,
  `type` varchar(50) DEFAULT NULL,
  PRIMARY KEY (`id`),
  KEY `idx_sys_auth_organization` (`organization_id`),
  KEY `idx_sys_auth_job` (`job_id`),
  KEY `idx_sys_auth_user` (`user_id`),
  KEY `idx_sys_auth_group` (`group_id`),
  KEY `idx_sys_auth_type` (`type`)
) ENGINE=InnoDB AUTO_INCREMENT=1000 DEFAULT CHARSET=utf8;

-- ----------------------------
-- Records of sys_auth
-- ----------------------------
INSERT INTO `sys_auth` VALUES ('1', '0', '0', '1', '0', '1', 'user');
INSERT INTO `sys_auth` VALUES ('2', '0', '0', '2', '0', '2', 'user');
INSERT INTO `sys_auth` VALUES ('3', '0', '0', '3', '0', '3', 'user');
INSERT INTO `sys_auth` VALUES ('4', '0', '0', '4', '0', '4', 'user');
INSERT INTO `sys_auth` VALUES ('5', '0', '0', '5', '0', '5', 'user');
INSERT INTO `sys_auth` VALUES ('6', '0', '0', '6', '0', '6', 'user');
INSERT INTO `sys_auth` VALUES ('7', '0', '0', '7', '0', '7', 'user');
INSERT INTO `sys_auth` VALUES ('8', '0', '0', '8', '0', '8', 'user');
INSERT INTO `sys_auth` VALUES ('9', '0', '0', '9', '0', '9', 'user');
INSERT INTO `sys_auth` VALUES ('10', '0', '0', '10', '0', '10', 'user');

-- ----------------------------
-- Table structure for `sys_group`
-- ----------------------------
DROP TABLE IF EXISTS `sys_group`;
CREATE TABLE `sys_group` (
  `id` bigint(20) NOT NULL AUTO_INCREMENT,
  `name` varchar(100) DEFAULT NULL,
  `type` varchar(50) DEFAULT NULL,
  `is_show` tinyint(1) DEFAULT NULL,
  `default_group` tinyint(1) DEFAULT NULL,
  PRIMARY KEY (`id`),
  KEY `idx_sys_group_type` (`type`),
  KEY `idx_sys_group_show` (`is_show`),
  KEY `idx_sys_group_default_group` (`default_group`)
) ENGINE=InnoDB AUTO_INCREMENT=11 DEFAULT CHARSET=utf8;

-- ----------------------------
-- Records of sys_group
-- ----------------------------

-- ----------------------------
-- Table structure for `sys_group_relation`
-- ----------------------------
DROP TABLE IF EXISTS `sys_group_relation`;
CREATE TABLE `sys_group_relation` (
  `id` bigint(20) NOT NULL AUTO_INCREMENT,
  `group_id` bigint(20) DEFAULT NULL,
  `organization_id` bigint(20) DEFAULT NULL,
  `user_id` bigint(20) DEFAULT NULL,
  `start_user_id` bigint(20) DEFAULT NULL,
  `end_user_id` bigint(20) DEFAULT NULL,
  PRIMARY KEY (`id`),
  KEY `idx_sys_group_relation_group` (`group_id`),
  KEY `idx_sys_group_relation_organization` (`organization_id`),
  KEY `idx_sys_group_relation_user` (`user_id`),
  KEY `idx_sys_group_relation_start_user_id` (`start_user_id`),
  KEY `idx_sys_group_relation_end_user_id` (`end_user_id`)
) ENGINE=InnoDB AUTO_INCREMENT=18 DEFAULT CHARSET=utf8;

-- ----------------------------
-- Records of sys_group_relation
-- ----------------------------

-- ----------------------------
-- Table structure for `sys_job`
-- ----------------------------
DROP TABLE IF EXISTS `sys_job`;
CREATE TABLE `sys_job` (
  `id` bigint(20) NOT NULL AUTO_INCREMENT,
  `name` varchar(100) DEFAULT NULL,
  `parent_id` bigint(20) DEFAULT NULL,
  `parent_ids` varchar(200) DEFAULT '',
  `icon` varchar(200) DEFAULT NULL,
  `weight` int(11) DEFAULT NULL,
  `is_show` tinyint(1) DEFAULT NULL,
  PRIMARY KEY (`id`),
  KEY `idx_sys_job_nam` (`name`),
  KEY `idx_sys_job_parent_id` (`parent_id`),
  KEY `idx_sys_job_parent_ids_weight` (`parent_ids`,`weight`)
) ENGINE=InnoDB AUTO_INCREMENT=1036 DEFAULT CHARSET=utf8;

-- ----------------------------
-- Records of sys_job
-- ----------------------------
INSERT INTO `sys_job` VALUES ('1', '', '0', '0/', null, '1', '1');

-- ----------------------------
-- Table structure for `sys_organization`
-- ----------------------------
DROP TABLE IF EXISTS `sys_organization`;
CREATE TABLE `sys_organization` (
  `id` bigint(20) NOT NULL AUTO_INCREMENT,
  `name` varchar(100) DEFAULT NULL,
  `type` varchar(20) DEFAULT NULL,
  `parent_id` bigint(20) DEFAULT NULL,
  `parent_ids` varchar(200) DEFAULT '',
  `icon` varchar(200) DEFAULT NULL,
  `weight` int(11) DEFAULT NULL,
  `is_show` tinyint(1) DEFAULT NULL,
  PRIMARY KEY (`id`),
  KEY `idx_sys_organization_name` (`name`),
  KEY `idx_sys_organization_type` (`type`),
  KEY `idx_sys_organization_parent_id` (`parent_id`),
  KEY `idx_sys_organization_parent_ids_weight` (`parent_ids`,`weight`)
) ENGINE=InnoDB AUTO_INCREMENT=1060 DEFAULT CHARSET=utf8;

-- ----------------------------
-- Records of sys_organization
-- ----------------------------
INSERT INTO `sys_organization` VALUES ('1', '', null, '0', '0/', null, '1', '1');

-- ----------------------------
-- Table structure for `sys_permission`
-- ----------------------------
DROP TABLE IF EXISTS `sys_permission`;
CREATE TABLE `sys_permission` (
  `id` bigint(20) NOT NULL AUTO_INCREMENT,
  `name` varchar(100) DEFAULT NULL,
  `permission` varchar(100) DEFAULT NULL,
  `description` varchar(200) DEFAULT NULL,
  `is_show` tinyint(1) DEFAULT NULL,
  PRIMARY KEY (`id`),
  KEY `idx_sys_permission_name` (`name`),
  KEY `idx_sys_permission_permission` (`permission`),
  KEY `idx_sys_permission_show` (`is_show`)
) ENGINE=InnoDB AUTO_INCREMENT=1036 DEFAULT CHARSET=utf8;

-- ----------------------------
-- Records of sys_permission
-- ----------------------------
INSERT INTO `sys_permission` VALUES ('1', '', '*', '', '1');
INSERT INTO `sys_permission` VALUES ('2', '', 'create', '', '1');
INSERT INTO `sys_permission` VALUES ('3', '', 'update', '', '1');
INSERT INTO `sys_permission` VALUES ('4', '', 'delete', '', '1');
INSERT INTO `sys_permission` VALUES ('5', '', 'view', '', '1');
INSERT INTO `sys_permission` VALUES ('6', '', 'audit', '', '1');

-- ----------------------------
-- Table structure for `sys_resource`
-- ----------------------------
DROP TABLE IF EXISTS `sys_resource`;
CREATE TABLE `sys_resource` (
  `id` bigint(20) NOT NULL AUTO_INCREMENT,
  `name` varchar(100) DEFAULT NULL,
  `identity` varchar(100) DEFAULT NULL,
  `url` varchar(200) DEFAULT NULL,
  `parent_id` bigint(20) DEFAULT NULL,
  `parent_ids` varchar(200) DEFAULT '',
  `icon` varchar(200) DEFAULT NULL,
  `weight` int(11) DEFAULT NULL,
  `is_show` tinyint(1) DEFAULT NULL,
  PRIMARY KEY (`id`),
  KEY `idx_sys_resource_name` (`name`),
  KEY `idx_sys_resource_identity` (`identity`),
  KEY `idx_sys_resource_user` (`url`),
  KEY `idx_sys_resource_parent_id` (`parent_id`),
  KEY `idx_sys_resource_parent_ids_weight` (`parent_ids`,`weight`)
) ENGINE=InnoDB AUTO_INCREMENT=1024 DEFAULT CHARSET=utf8;

-- ----------------------------
-- Records of sys_resource
-- ----------------------------
INSERT INTO `sys_resource` VALUES ('1', '', '', '', '0', '0/', null, '1', '1');
INSERT INTO `sys_resource` VALUES ('2', '', 'showcase', '', '1', '0/1/', null, '1', '1');
INSERT INTO `sys_resource` VALUES ('3', '', 'sample', '/showcase/sample', '2', '0/1/2/', null, '1', '1');
INSERT INTO `sys_resource` VALUES ('4', '', 'deleted', '/showcase/deleted', '2', '0/1/2/', null, '2', '1');
INSERT INTO `sys_resource` VALUES ('5', '', 'move', '/showcase/move', '2', '0/1/2/', null, '3', '1');
INSERT INTO `sys_resource` VALUES ('6', '', 'upload', '/showcase/upload', '2', '0/1/2/', null, '4', '1');
INSERT INTO `sys_resource` VALUES ('7', '', 'tree', '/showcase/tree', '2', '0/1/2/', null, '5', '1');
INSERT INTO `sys_resource` VALUES ('8', '', 'editor', '/showcase/editor', '2', '0/1/2/', null, '6', '1');
INSERT INTO `sys_resource` VALUES ('9', '', 'parentchild', '/showcase/parentchild/parent', '2', '0/1/2/', null, '7', '1');
INSERT INTO `sys_resource` VALUES ('10', '', '', '', '2', '0/1/2/', null, '8', '1');
INSERT INTO `sys_resource` VALUES ('11', '', 'productCategory', '/showcase/product/category', '10', '0/1/2/10/', null, '1', '1');
INSERT INTO `sys_resource` VALUES ('12', '', 'product', '/showcase/product/product', '10', '0/1/2/10/', null, '2', '1');
INSERT INTO `sys_resource` VALUES ('13', '', '', '', '2', '0/1/2/', null, '9', '1');
INSERT INTO `sys_resource` VALUES ('14', '', 'statusAudit', '/showcase/status/audit', '13', '0/1/2/13/', null, '1', '1');
INSERT INTO `sys_resource` VALUES ('15', '', 'statusShow', '/showcase/status/show', '13', '0/1/2/13/', null, '2', '1');
INSERT INTO `sys_resource` VALUES ('16', '', 'sys', '', '1', '0/1/', null, '2', '1');
INSERT INTO `sys_resource` VALUES ('17', '', '', '', '16', '0/1/16/', null, '1', '1');
INSERT INTO `sys_resource` VALUES ('18', '', 'user', '/admin/sys/user/main', '17', '0/1/16/17/', null, '1', '1');
INSERT INTO `sys_resource` VALUES ('19', '', 'userOnline', '/admin/sys/user/online', '17', '0/1/16/17/', null, '2', '1');
INSERT INTO `sys_resource` VALUES ('20', '', 'userStatusHistory', '/admin/sys/user/statusHistory', '17', '0/1/16/17/', null, '3', '1');
INSERT INTO `sys_resource` VALUES ('21', '', 'userLastOnline', '/admin/sys/user/lastOnline', '17', '0/1/16/17/', null, '4', '1');
INSERT INTO `sys_resource` VALUES ('22', '', '', '', '16', '0/1/16/', null, '2', '1');
INSERT INTO `sys_resource` VALUES ('23', '', 'organization', '/admin/sys/organization/organization', '22', '0/1/16/22/', null, '1', '1');
INSERT INTO `sys_resource` VALUES ('24', '', 'job', '/admin/sys/organization/job', '22', '0/1/16/22/', null, '2', '1');
INSERT INTO `sys_resource` VALUES ('25', '', 'resource', '/admin/sys/resource', '16', '0/1/16/', null, '4', '1');
INSERT INTO `sys_resource` VALUES ('26', '', '', '', '16', '0/1/16/', null, '5', '1');
INSERT INTO `sys_resource` VALUES ('27', '', 'permission', '/admin/sys/permission/permission', '26', '0/1/16/26/', null, '1', '1');
INSERT INTO `sys_resource` VALUES ('28', '', 'role', '/admin/sys/permission/role', '26', '0/1/16/26/', null, '2', '1');
INSERT INTO `sys_resource` VALUES ('29', '', 'group', '/admin/sys/group', '16', '0/1/16/', null, '3', '1');
INSERT INTO `sys_resource` VALUES ('30', '', 'auth', '/admin/sys/auth', '26', '0/1/16/26/', null, '3', '1');
INSERT INTO `sys_resource` VALUES ('31', '', '', '', '1', '0/1/', null, '4', '1');
INSERT INTO `sys_resource` VALUES ('32', '', '', '/admin/personal/message', '31', '0/1/31/', null, '1', '1');
INSERT INTO `sys_resource` VALUES ('33', '', 'maintain', '', '1', '0/1/', null, '5', '1');
INSERT INTO `sys_resource` VALUES ('34', '', 'icon', '/admin/maintain/icon', '33', '0/1/33/', null, '2', '1');
INSERT INTO `sys_resource` VALUES ('35', '', 'keyvalue', '/admin/maintain/keyvalue', '33', '0/1/33/', null, '3', '1');
INSERT INTO `sys_resource` VALUES ('37', '', 'staticResource', '/admin/maintain/staticResource', '33', '0/1/33/', null, '4', '1');
INSERT INTO `sys_resource` VALUES ('38', '', 'onlineEditor', '/admin/maintain/editor', '33', '0/1/33/', null, '5', '1');
INSERT INTO `sys_resource` VALUES ('39', '', 'monitor', '', '1', '0/1/', null, '6', '1');
INSERT INTO `sys_resource` VALUES ('40', '', 'userOnline', '/admin/sys/user/online', '39', '0/1/39/', null, '1', '1');
INSERT INTO `sys_resource` VALUES ('41', '', 'db', '/admin/monitor/druid/index.html', '39', '0/1/39/', null, '2', '1');
INSERT INTO `sys_resource` VALUES ('42', 'hibernate', 'hibernate', '/admin/monitor/hibernate', '39', '0/1/39/', null, '3', '1');
INSERT INTO `sys_resource` VALUES ('43', 'SQL/JPA QL', 'ql', '/admin/monitor/db/sql', '39', '0/1/39/', null, '4', '1');
INSERT INTO `sys_resource` VALUES ('44', 'ehcache', 'ehcache', '/admin/monitor/ehcache', '39', '0/1/39/', null, '5', '1');
INSERT INTO `sys_resource` VALUES ('45', 'jvm', 'jvm', '/admin/monitor/jvm', '39', '0/1/39/', null, '6', '1');
INSERT INTO `sys_resource` VALUES ('46', 'Excel/', 'excel', '/showcase/excel', '2', '0/1/2/', null, '10', '1');
INSERT INTO `sys_resource` VALUES ('47', '', '', '/admin/personal/notification', '31', '0/1/31/', null, '2', '1');
INSERT INTO `sys_resource` VALUES ('48', '', 'notificationTemplate', '/admin/maintain/notification/template', '33', '0/1/33/', null, '1', '1');
INSERT INTO `sys_resource` VALUES ('49', '', 'dynamicTask', '/admin/maintain/dynamicTask', '33', '0/1/33/', null, '6', '1');

-- ----------------------------
-- Table structure for `sys_role`
-- ----------------------------
DROP TABLE IF EXISTS `sys_role`;
CREATE TABLE `sys_role` (
  `id` bigint(20) NOT NULL AUTO_INCREMENT,
  `name` varchar(100) DEFAULT NULL,
  `role` varchar(100) DEFAULT NULL,
  `description` varchar(200) DEFAULT NULL,
  `is_show` tinyint(1) DEFAULT NULL,
  PRIMARY KEY (`id`),
  KEY `idx_sys_role_name` (`name`),
  KEY `idx_sys_role_role` (`role`),
  KEY `idx_sys_role_show` (`is_show`)
) ENGINE=InnoDB AUTO_INCREMENT=1018 DEFAULT CHARSET=utf8;

-- ----------------------------
-- Records of sys_role
-- ----------------------------
INSERT INTO `sys_role` VALUES ('1', '', 'admin', '', '1');
INSERT INTO `sys_role` VALUES ('2', '', 'example_admin', '', '1');
INSERT INTO `sys_role` VALUES ('3', '', 'sys_admin', '', '1');
INSERT INTO `sys_role` VALUES ('4', '', 'conf_admin', '', '1');
INSERT INTO `sys_role` VALUES ('5', '', 'create_admin', '/', '1');
INSERT INTO `sys_role` VALUES ('6', '', 'update_admin', '/', '1');
INSERT INTO `sys_role` VALUES ('7', '', 'delete_admin', '/', '1');
INSERT INTO `sys_role` VALUES ('8', '', 'view_admin', '', '1');
INSERT INTO `sys_role` VALUES ('9', '', 'audit_admin', '', '1');
INSERT INTO `sys_role` VALUES ('10', '', 'audit_admin', '', '1');

-- ----------------------------
-- Table structure for `sys_role_resource_permission`
-- ----------------------------
DROP TABLE IF EXISTS `sys_role_resource_permission`;
CREATE TABLE `sys_role_resource_permission` (
  `id` bigint(20) NOT NULL AUTO_INCREMENT,
  `role_id` bigint(20) DEFAULT NULL,
  `resource_id` bigint(20) DEFAULT NULL,
  `permission_ids` varchar(500) DEFAULT NULL,
  PRIMARY KEY (`id`),
  UNIQUE KEY `unique_sys_role_resource_permission` (`role_id`,`resource_id`)
) ENGINE=InnoDB AUTO_INCREMENT=1024 DEFAULT CHARSET=utf8;

-- ----------------------------
-- Records of sys_role_resource_permission
-- ----------------------------
INSERT INTO `sys_role_resource_permission` VALUES ('1', '1', '2', '1');
INSERT INTO `sys_role_resource_permission` VALUES ('2', '1', '16', '1');
INSERT INTO `sys_role_resource_permission` VALUES ('3', '1', '33', '1');
INSERT INTO `sys_role_resource_permission` VALUES ('4', '1', '39', '1');
INSERT INTO `sys_role_resource_permission` VALUES ('5', '2', '2', '1');
INSERT INTO `sys_role_resource_permission` VALUES ('6', '3', '16', '1');
INSERT INTO `sys_role_resource_permission` VALUES ('7', '4', '33', '1');
INSERT INTO `sys_role_resource_permission` VALUES ('8', '5', '2', '2,5');
INSERT INTO `sys_role_resource_permission` VALUES ('9', '5', '16', '2,5');
INSERT INTO `sys_role_resource_permission` VALUES ('10', '5', '33', '2,5');
INSERT INTO `sys_role_resource_permission` VALUES ('11', '5', '39', '2,5');
INSERT INTO `sys_role_resource_permission` VALUES ('12', '6', '2', '3,5');
INSERT INTO `sys_role_resource_permission` VALUES ('13', '6', '16', '3,5');
INSERT INTO `sys_role_resource_permission` VALUES ('14', '6', '33', '3,5');
INSERT INTO `sys_role_resource_permission` VALUES ('15', '6', '39', '3,5');
INSERT INTO `sys_role_resource_permission` VALUES ('16', '7', '2', '4,5');
INSERT INTO `sys_role_resource_permission` VALUES ('17', '7', '16', '4,5');
INSERT INTO `sys_role_resource_permission` VALUES ('18', '7', '33', '4,5');
INSERT INTO `sys_role_resource_permission` VALUES ('19', '7', '39', '4,5');
INSERT INTO `sys_role_resource_permission` VALUES ('20', '8', '2', '5');
INSERT INTO `sys_role_resource_permission` VALUES ('21', '8', '16', '5');
INSERT INTO `sys_role_resource_permission` VALUES ('22', '8', '33', '5');
INSERT INTO `sys_role_resource_permission` VALUES ('23', '8', '39', '5');
INSERT INTO `sys_role_resource_permission` VALUES ('24', '9', '7', '5,6');
INSERT INTO `sys_role_resource_permission` VALUES ('25', '9', '14', '5,6');
INSERT INTO `sys_role_resource_permission` VALUES ('26', '9', '15', '5,6');
INSERT INTO `sys_role_resource_permission` VALUES ('27', '10', '39', '1');

-- ----------------------------
-- Table structure for `sys_user`
-- ----------------------------
DROP TABLE IF EXISTS `sys_user`;
CREATE TABLE `sys_user` (
  `id` bigint(20) NOT NULL AUTO_INCREMENT,
  `username` varchar(100) DEFAULT NULL,
  `email` varchar(100) DEFAULT NULL,
  `mobile_phone_number` varchar(20) DEFAULT NULL,
  `password` varchar(100) DEFAULT NULL,
  `salt` varchar(10) DEFAULT NULL,
  `create_date` timestamp NOT NULL DEFAULT '1970-01-02 00:00:00',
  `status` varchar(50) DEFAULT NULL,
  `deleted` tinyint(1) DEFAULT NULL,
  `admin` tinyint(1) DEFAULT NULL,
  PRIMARY KEY (`id`),
  UNIQUE KEY `unique_sys_user_username` (`username`),
  UNIQUE KEY `unique_sys_user_email` (`email`),
  UNIQUE KEY `unique_sys_user_mobile_phone_number` (`mobile_phone_number`),
  KEY `idx_sys_user_status` (`status`)
) ENGINE=InnoDB AUTO_INCREMENT=1234 DEFAULT CHARSET=utf8;

-- ----------------------------
-- Records of sys_user
-- ----------------------------
INSERT INTO `sys_user` VALUES ('1', 'admin', 'admin@sishuok.com', '13412345671', 'ec21fa1738f39d5312c6df46002d403d', 'yDd1956wn1', '2017-01-02 18:07:22', 'normal', '0', '1');
INSERT INTO `sys_user` VALUES ('2', 'showcase', 'showcase@sishuok.com', '13412345672', '5f915c55c6d43da136a42e3ebabbecfc', 'hSSixwNQwt', '2017-01-02 18:07:22', 'normal', '0', '1');
INSERT INTO `sys_user` VALUES ('3', 'sys', 'sys@sishuok.com', '13412345673', 'a10b3c7af051a81fe2506318f982ce28', 'MANHOoCpnb', '2017-01-02 18:07:22', 'normal', '0', '1');
INSERT INTO `sys_user` VALUES ('4', 'maintain', 'maintain@sishuok.com', '13412345674', '594813c5eb02b210dacc1a36c2482fc1', 'iY71e4dtoa', '2017-01-02 18:07:22', 'normal', '0', '1');
INSERT INTO `sys_user` VALUES ('5', 'create', 'create@sishuok.com', '13412345675', 'a6d5988a698dec63c6eea71994dd7be0', 'iruPxupgfb', '2017-01-02 18:07:22', 'normal', '0', '1');
INSERT INTO `sys_user` VALUES ('6', 'update', 'update@sishuok.com', '13412345676', 'fffa26ac5c47ec1bf9a37d9823816074', '2WQx5LmvlV', '2017-01-02 18:07:22', 'normal', '0', '1');
INSERT INTO `sys_user` VALUES ('7', 'delete', 'delete@sishuok.com', '13412345677', '4c472bf1d56f440d2953803ab4eea8d4', 'E8KSvr1C7d', '2017-01-02 18:07:22', 'normal', '0', '1');
INSERT INTO `sys_user` VALUES ('8', 'view', 'view@sishuok.com', '13412345678', 'c919215efcef4064858bf02f8776c00d', 'XFJZQOXWZW', '2017-01-02 18:07:22', 'normal', '0', '1');
INSERT INTO `sys_user` VALUES ('9', 'audit', 'audit@sishuok.com', '13412345679', '15d8f7b8da8045d24c71a92a142ffad7', 'BI2XbXMUr7', '2017-01-02 18:07:22', 'normal', '0', '1');
INSERT INTO `sys_user` VALUES ('10', 'monitor', 'monitor@sishuok.com', '1341234580', 'e1549e68ad21fe888ae36ec4965116cd', 'iY71e4d123', '2017-01-02 18:07:22', 'normal', '0', '1');

-- ----------------------------
-- Table structure for `sys_user_last_online`
-- ----------------------------
DROP TABLE IF EXISTS `sys_user_last_online`;
CREATE TABLE `sys_user_last_online` (
  `id` bigint(20) NOT NULL AUTO_INCREMENT,
  `user_id` bigint(20) DEFAULT NULL,
  `username` varchar(100) DEFAULT NULL,
  `uid` varchar(100) DEFAULT NULL,
  `host` varchar(100) DEFAULT NULL,
  `user_agent` varchar(200) DEFAULT NULL,
  `system_host` varchar(100) DEFAULT NULL,
  `last_login_timestamp` timestamp NOT NULL DEFAULT '1970-01-02 00:00:00',
  `last_stop_timestamp` timestamp NOT NULL DEFAULT '1970-01-02 00:00:00',
  `login_count` bigint(20) DEFAULT NULL,
  `total_online_time` bigint(20) DEFAULT NULL,
  PRIMARY KEY (`id`),
  UNIQUE KEY `unique_sys_user_last_online_sys_user_id` (`user_id`),
  KEY `idx_sys_user_last_online_username` (`username`),
  KEY `idx_sys_user_last_online_host` (`host`),
  KEY `idx_sys_user_last_online_system_host` (`system_host`),
  KEY `idx_sys_user_last_online_last_login_timestamp` (`last_login_timestamp`),
  KEY `idx_sys_user_last_online_last_stop_timestamp` (`last_stop_timestamp`),
  KEY `idx_sys_user_last_online_user_agent` (`user_agent`)
) ENGINE=InnoDB AUTO_INCREMENT=2 DEFAULT CHARSET=utf8;

-- ----------------------------
-- Records of sys_user_last_online
-- ----------------------------
INSERT INTO `sys_user_last_online` VALUES ('1', '1', 'admin', '86c9e1ef-5bd9-4fb8-991d-8b5440b938eb', '0:0:0:0:0:0:0:1', 'Mozilla/5.0 (Windows NT 10.0; Win64; x64) AppleWebKit/537.36 (KHTML, like Gecko) Chrome/51.0.2704.79 Safari/537.36 Edge/14.14393', '0:0:0:0:0:0:0:1:8080', '2017-01-02 23:49:58', '2017-01-03 00:23:15', '1', '767357');

-- ----------------------------
-- Table structure for `sys_user_online`
-- ----------------------------
DROP TABLE IF EXISTS `sys_user_online`;
CREATE TABLE `sys_user_online` (
  `id` varchar(100) NOT NULL,
  `user_id` bigint(20) DEFAULT '0',
  `username` varchar(100) DEFAULT NULL,
  `host` varchar(100) DEFAULT NULL,
  `system_host` varchar(100) DEFAULT NULL,
  `user_agent` varchar(200) DEFAULT NULL,
  `status` varchar(50) DEFAULT NULL,
  `start_timestsamp` timestamp NOT NULL DEFAULT '1970-01-02 00:00:00',
  `last_access_time` timestamp NOT NULL DEFAULT '1970-01-02 00:00:00',
  `timeout` bigint(20) DEFAULT NULL,
  `session` mediumtext,
  PRIMARY KEY (`id`),
  KEY `idx_sys_user_online_sys_user_id` (`user_id`),
  KEY `idx_sys_user_online_username` (`username`),
  KEY `idx_sys_user_online_host` (`host`),
  KEY `idx_sys_user_online_system_host` (`system_host`),
  KEY `idx_sys_user_online_start_timestsamp` (`start_timestsamp`),
  KEY `idx_sys_user_online_last_access_time` (`last_access_time`),
  KEY `idx_sys_user_online_user_agent` (`user_agent`)
) ENGINE=InnoDB DEFAULT CHARSET=utf8;

-- ----------------------------
-- Records of sys_user_online
-- ----------------------------
INSERT INTO `sys_user_online` VALUES ('214e867b-1c13-4b88-bd65-c636d6a9e525', '1', 'admin', '0:0:0:0:0:0:0:1', '0:0:0:0:0:0:0:1:8080', 'Mozilla/5.0 (Windows NT 10.0; Win64; x64) AppleWebKit/537.36 (KHTML, like Gecko) Chrome/51.0.2704.79 Safari/537.36 Edge/14.14393', 'on_line', '2017-01-03 09:20:59', '2017-01-03 09:21:12', '1800000', 'aced00057372002a6f72672e6170616368652e736869726f2e73657373696f6e2e6d67742e4f6e6c696e6553657373696f6e9d1ca1b8d58c626e0300054c00067374617475737400394c6f72672f6170616368652f736869726f2f73657373696f6e2f6d67742f4f6e6c696e6553657373696f6e244f6e6c696e655374617475733b4c000a73797374656d486f73747400124c6a6176612f6c616e672f537472696e673b4c0009757365724167656e7471007e00024c00067573657249647400104c6a6176612f6c616e672f4c6f6e673b4c0008757365726e616d6571007e00027872002a6f72672e6170616368652e736869726f2e73657373696f6e2e6d67742e53696d706c6553657373696f6e9d1ca1b8d58c626e0300007870770200db74002432313465383637622d316331332d346238382d626436352d6336333664366139653532357372000e6a6176612e7574696c2e44617465686a81014b597419030000787077080000015961ea3f15787371007e000777080000015961ea729c78771900000000001b7740000f303a303a303a303a303a303a303a31737200116a6176612e7574696c2e486173684d61700507dac1c31660d103000246000a6c6f6164466163746f724900097468726573686f6c6478703f4000000000000c770800000010000000047400476f72672e6170616368652e736869726f2e73657373696f6e2e6d67742e6569732e4f6e6c696e6553657373696f6e44414f4c4153545f53594e435f44425f54494d455354414d5071007e00097400506f72672e6170616368652e736869726f2e7375626a6563742e737570706f72742e44656661756c745375626a656374436f6e746578745f41555448454e544943415445445f53455353494f4e5f4b4559737200116a6176612e6c616e672e426f6f6c65616ecd207280d59cfaee0200015a000576616c756578700174004d6f72672e6170616368652e736869726f2e7375626a6563742e737570706f72742e44656661756c745375626a656374436f6e746578745f5052494e434950414c535f53455353494f4e5f4b4559737200326f72672e6170616368652e736869726f2e7375626a6563742e53696d706c655072696e636970616c436f6c6c656374696f6ea87f5825c6a3084a0300014c000f7265616c6d5072696e636970616c7374000f4c6a6176612f7574696c2f4d61703b7870737200176a6176612e7574696c2e4c696e6b6564486173684d617034c04e5c106cc0fb0200015a000b6163636573734f726465727871007e000a3f4000000000000c770800000010000000017400226f72672e6170616368652e736869726f2e7265616c6d2e557365725265616c6d5f30737200176a6176612e7574696c2e4c696e6b656448617368536574d86cd75a95dd2a1e020000787200116a6176612e7574696c2e48617368536574ba44859596b8b7340300007870770c000000103f4000000000000174000561646d696e78780077010171007e001578740008757365726e616d6571007e001a78787e7200376f72672e6170616368652e736869726f2e73657373696f6e2e6d67742e4f6e6c696e6553657373696f6e244f6e6c696e6553746174757300000000000000001200007872000e6a6176612e6c616e672e456e756d000000000000000012000078707400076f6e5f6c696e65740014303a303a303a303a303a303a303a313a383038307400804d6f7a696c6c612f352e30202857696e646f7773204e542031302e303b2057696e36343b2078363429204170706c655765624b69742f3533372e333620284b48544d4c2c206c696b65204765636b6f29204368726f6d652f35312e302e323730342e3739205361666172692f3533372e333620456467652f31342e31343339337372000e6a6176612e6c616e672e4c6f6e673b8be490cc8f23df0200014a000576616c7565787200106a6176612e6c616e672e4e756d62657286ac951d0b94e08b0200007870000000000000000171007e001a77020f0071007e002471007e002171007e001e71007e001a78');
INSERT INTO `sys_user_online` VALUES ('561384b3-514f-4aa6-b0ad-531eb525146c', '1', 'admin', '0:0:0:0:0:0:0:1', '0:0:0:0:0:0:0:1:8080', 'Mozilla/5.0 (Windows NT 10.0; Win64; x64) AppleWebKit/537.36 (KHTML, like Gecko) Chrome/54.0.2840.99 Safari/537.36', 'on_line', '2017-01-03 09:30:43', '2017-01-03 09:30:56', '1800000', 'aced00057372002a6f72672e6170616368652e736869726f2e73657373696f6e2e6d67742e4f6e6c696e6553657373696f6e9d1ca1b8d58c626e0300054c00067374617475737400394c6f72672f6170616368652f736869726f2f73657373696f6e2f6d67742f4f6e6c696e6553657373696f6e244f6e6c696e655374617475733b4c000a73797374656d486f73747400124c6a6176612f6c616e672f537472696e673b4c0009757365724167656e7471007e00024c00067573657249647400104c6a6176612f6c616e672f4c6f6e673b4c0008757365726e616d6571007e00027872002a6f72672e6170616368652e736869726f2e73657373696f6e2e6d67742e53696d706c6553657373696f6e9d1ca1b8d58c626e0300007870770200db74002435363133383462332d353134662d346161362d623061642d3533316562353235313436637372000e6a6176612e7574696c2e44617465686a81014b597419030000787077080000015961f32805787371007e000777080000015961f35b8678771900000000001b7740000f303a303a303a303a303a303a303a31737200116a6176612e7574696c2e486173684d61700507dac1c31660d103000246000a6c6f6164466163746f724900097468726573686f6c6478703f4000000000000c770800000010000000047400476f72672e6170616368652e736869726f2e73657373696f6e2e6d67742e6569732e4f6e6c696e6553657373696f6e44414f4c4153545f53594e435f44425f54494d455354414d5071007e00097400506f72672e6170616368652e736869726f2e7375626a6563742e737570706f72742e44656661756c745375626a656374436f6e746578745f41555448454e544943415445445f53455353494f4e5f4b4559737200116a6176612e6c616e672e426f6f6c65616ecd207280d59cfaee0200015a000576616c756578700174004d6f72672e6170616368652e736869726f2e7375626a6563742e737570706f72742e44656661756c745375626a656374436f6e746578745f5052494e434950414c535f53455353494f4e5f4b4559737200326f72672e6170616368652e736869726f2e7375626a6563742e53696d706c655072696e636970616c436f6c6c656374696f6ea87f5825c6a3084a0300014c000f7265616c6d5072696e636970616c7374000f4c6a6176612f7574696c2f4d61703b7870737200176a6176612e7574696c2e4c696e6b6564486173684d617034c04e5c106cc0fb0200015a000b6163636573734f726465727871007e000a3f4000000000000c770800000010000000017400226f72672e6170616368652e736869726f2e7265616c6d2e557365725265616c6d5f30737200176a6176612e7574696c2e4c696e6b656448617368536574d86cd75a95dd2a1e020000787200116a6176612e7574696c2e48617368536574ba44859596b8b7340300007870770c000000103f4000000000000174000561646d696e78780077010171007e001578740008757365726e616d6571007e001a78787e7200376f72672e6170616368652e736869726f2e73657373696f6e2e6d67742e4f6e6c696e6553657373696f6e244f6e6c696e6553746174757300000000000000001200007872000e6a6176612e6c616e672e456e756d000000000000000012000078707400076f6e5f6c696e65740014303a303a303a303a303a303a303a313a383038307400724d6f7a696c6c612f352e30202857696e646f7773204e542031302e303b2057696e36343b2078363429204170706c655765624b69742f3533372e333620284b48544d4c2c206c696b65204765636b6f29204368726f6d652f35342e302e323834302e3939205361666172692f3533372e33367372000e6a6176612e6c616e672e4c6f6e673b8be490cc8f23df0200014a000576616c7565787200106a6176612e6c616e672e4e756d62657286ac951d0b94e08b0200007870000000000000000171007e001a77020f0071007e002471007e002171007e001e71007e001a78');
INSERT INTO `sys_user_online` VALUES ('a3d83585-d40a-40d1-a432-91194483b1d8', '1', 'admin', '0:0:0:0:0:0:0:1', '0:0:0:0:0:0:0:1:8080', 'Mozilla/5.0 (Windows NT 10.0; Win64; x64) AppleWebKit/537.36 (KHTML, like Gecko) Chrome/51.0.2704.79 Safari/537.36 Edge/14.14393', 'on_line', '2017-01-03 09:29:23', '2017-01-03 09:29:34', '1800000', 'aced00057372002a6f72672e6170616368652e736869726f2e73657373696f6e2e6d67742e4f6e6c696e6553657373696f6e9d1ca1b8d58c626e0300054c00067374617475737400394c6f72672f6170616368652f736869726f2f73657373696f6e2f6d67742f4f6e6c696e6553657373696f6e244f6e6c696e655374617475733b4c000a73797374656d486f73747400124c6a6176612f6c616e672f537472696e673b4c0009757365724167656e7471007e00024c00067573657249647400104c6a6176612f6c616e672f4c6f6e673b4c0008757365726e616d6571007e00027872002a6f72672e6170616368652e736869726f2e73657373696f6e2e6d67742e53696d706c6553657373696f6e9d1ca1b8d58c626e0300007870770200db74002461336438333538352d643430612d343064312d613433322d3931313934343833623164387372000e6a6176612e7574696c2e44617465686a81014b597419030000787077080000015961f1f0a5787371007e000777080000015961f21a5778771900000000001b7740000f303a303a303a303a303a303a303a31737200116a6176612e7574696c2e486173684d61700507dac1c31660d103000246000a6c6f6164466163746f724900097468726573686f6c6478703f4000000000000c770800000010000000047400476f72672e6170616368652e736869726f2e73657373696f6e2e6d67742e6569732e4f6e6c696e6553657373696f6e44414f4c4153545f53594e435f44425f54494d455354414d5071007e00097400506f72672e6170616368652e736869726f2e7375626a6563742e737570706f72742e44656661756c745375626a656374436f6e746578745f41555448454e544943415445445f53455353494f4e5f4b4559737200116a6176612e6c616e672e426f6f6c65616ecd207280d59cfaee0200015a000576616c756578700174004d6f72672e6170616368652e736869726f2e7375626a6563742e737570706f72742e44656661756c745375626a656374436f6e746578745f5052494e434950414c535f53455353494f4e5f4b4559737200326f72672e6170616368652e736869726f2e7375626a6563742e53696d706c655072696e636970616c436f6c6c656374696f6ea87f5825c6a3084a0300014c000f7265616c6d5072696e636970616c7374000f4c6a6176612f7574696c2f4d61703b7870737200176a6176612e7574696c2e4c696e6b6564486173684d617034c04e5c106cc0fb0200015a000b6163636573734f726465727871007e000a3f4000000000000c770800000010000000017400226f72672e6170616368652e736869726f2e7265616c6d2e557365725265616c6d5f30737200176a6176612e7574696c2e4c696e6b656448617368536574d86cd75a95dd2a1e020000787200116a6176612e7574696c2e48617368536574ba44859596b8b7340300007870770c000000103f4000000000000174000561646d696e78780077010171007e001578740008757365726e616d6571007e001a78787e7200376f72672e6170616368652e736869726f2e73657373696f6e2e6d67742e4f6e6c696e6553657373696f6e244f6e6c696e6553746174757300000000000000001200007872000e6a6176612e6c616e672e456e756d000000000000000012000078707400076f6e5f6c696e65740014303a303a303a303a303a303a303a313a383038307400804d6f7a696c6c612f352e30202857696e646f7773204e542031302e303b2057696e36343b2078363429204170706c655765624b69742f3533372e333620284b48544d4c2c206c696b65204765636b6f29204368726f6d652f35312e302e323730342e3739205361666172692f3533372e333620456467652f31342e31343339337372000e6a6176612e6c616e672e4c6f6e673b8be490cc8f23df0200014a000576616c7565787200106a6176612e6c616e672e4e756d62657286ac951d0b94e08b0200007870000000000000000171007e001a77020f0071007e002471007e002171007e001e71007e001a78');

-- ----------------------------
-- Table structure for `sys_user_organization_job`
-- ----------------------------
DROP TABLE IF EXISTS `sys_user_organization_job`;
CREATE TABLE `sys_user_organization_job` (
  `id` bigint(20) NOT NULL AUTO_INCREMENT,
  `user_id` bigint(20) DEFAULT NULL,
  `organization_id` bigint(20) DEFAULT NULL,
  `job_id` bigint(20) DEFAULT NULL,
  PRIMARY KEY (`id`),
  UNIQUE KEY `unique_sys_user_organization_job` (`user_id`,`organization_id`,`job_id`)
) ENGINE=InnoDB AUTO_INCREMENT=124 DEFAULT CHARSET=utf8;

-- ----------------------------
-- Records of sys_user_organization_job
-- ----------------------------

-- ----------------------------
-- Table structure for `sys_user_status_history`
-- ----------------------------
DROP TABLE IF EXISTS `sys_user_status_history`;
CREATE TABLE `sys_user_status_history` (
  `id` bigint(20) NOT NULL AUTO_INCREMENT,
  `user_id` bigint(20) DEFAULT NULL,
  `status` varchar(50) DEFAULT NULL,
  `reason` varchar(200) DEFAULT NULL,
  `op_user_id` bigint(20) DEFAULT NULL,
  `op_date` timestamp NOT NULL DEFAULT '1970-01-02 00:00:00',
  PRIMARY KEY (`id`),
  KEY `idx_sys_user_block_history_user_id_block_date` (`user_id`,`op_date`),
  KEY `idx_sys_user_block_history_op_user_id_op_date` (`op_user_id`,`op_date`)
) ENGINE=InnoDB AUTO_INCREMENT=13 DEFAULT CHARSET=utf8;

-- ----------------------------
-- Records of sys_user_status_history
-- ----------------------------
DROP TRIGGER IF EXISTS `trigger_sys_user_off_online`;
DELIMITER ;;
CREATE TRIGGER `trigger_sys_user_off_online` AFTER DELETE ON `sys_user_online` FOR EACH ROW begin
   if OLD.`user_id` is not null then
      if not exists(select `user_id` from `sys_user_last_online` where `user_id` = OLD.`user_id`) then
        insert into `sys_user_last_online`
                  (`user_id`, `username`, `uid`, `host`, `user_agent`, `system_host`,
                   `last_login_timestamp`, `last_stop_timestamp`, `login_count`, `total_online_time`)
                values
                   (OLD.`user_id`,OLD.`username`, OLD.`id`, OLD.`host`, OLD.`user_agent`, OLD.`system_host`,
                    OLD.`start_timestsamp`, OLD.`last_access_time`,
                    1, (OLD.`last_access_time` - OLD.`start_timestsamp`));
      else
        update `sys_user_last_online`
          set `username` = OLD.`username`, `uid` = OLD.`id`, `host` = OLD.`host`, `user_agent` = OLD.`user_agent`,
            `system_host` = OLD.`system_host`, `last_login_timestamp` = OLD.`start_timestsamp`,
             `last_stop_timestamp` = OLD.`last_access_time`, `login_count` = `login_count` + 1,
             `total_online_time` = `total_online_time` + (OLD.`last_access_time` - OLD.`start_timestsamp`)
        where `user_id` = OLD.`user_id`;
      end if ;
   end if;
end
;;
DELIMITER ;
